genres,spotify_id,name,artist_id,artist,danceability,energy,speechiness,valence,file_path,main_genre,main_genre_encoded
jump_up_dnb,0Mexf06lzI5ocIamFffDzr,Useless,1KiNUGL3r0GgyLwqYCY1yV,Kanine,0.551,0.979,0.223,0.434,../mp3songs/Jump-Up_Drum_and_Bass/Useless.mp3,dnb,"[0, 0, 0, 0, 1, 0, 0, 0, 0, 0, 0]"
hard_techno,3DsC1Su6bhKLq4hbhBo37M,Baby You Bleeding Again,0pMuwBG7YGp4l8UaZqtzjo,BSLS,0.382,0.999,0.132,0.0916,../mp3songs/HARD_TECHNO/Baby You Bleeding Again.mp3,techno,"[0, 0, 1, 0, 0, 0, 0, 0, 0, 0, 0]"
schranz,6H5Zw1IOmiVUU5LZoB8WsM,Touch Of Flame - Original Mix,68ImVNstbypsiht4x93RD6,Dstm,0.636,0.988,0.384,0.0936,../mp3songs/SCHRANZ_2024_/Touch Of Flame - Original Mix.mp3,techno,"[0, 0, 0, 0, 0, 0, 0, 1, 0, 0, 0]"
techno,7C6DCd0L6BE74d4wnXDwBj,Darkness - Extended Mix,1KtGPlm0CUKG51IwTy2fC8,Endica,0.581,0.991,0.0648,0.203,../mp3songs/TECHNO_BUNKER/Darkness - Extended Mix.mp3,techno,"[0, 0, 0, 0, 0, 0, 0, 0, 1, 0, 0]"
hardstyle,2VrQW0wCxDvfckwyn5vipP,Zombie - Original Mix,7IeovKzVkfcG9mIJGNzTcT,Ran-D,0.469,0.88,0.0935,0.0516,../mp3songs/Hardcore_Techno_Hardstyle/Zombie - Original Mix.mp3,techno,"[0, 0, 0, 1, 0, 0, 0, 0, 0, 0, 0]"
liquid_dnb,5Q8ksztHcfWHXBaeacy455,Codeswitch,"1zCwEEtlGUmFFAEvQ9jW6D, 41G8BJILf7hhwCit2mViIH","Audioscribe, Dylan Longworth",0.443,0.844,0.061,0.24,../mp3songs/Liquid_Drum_and_Bass/Codeswitch.mp3,dnb,"[0, 0, 0, 0, 0, 1, 0, 0, 0, 0, 0]"
groove_techno,0avurD2oTDk7NdFrf6odjw,Cutis - Nicolas Vogler Remix,"3ycGLymeweoJhlFqG8Sf0A, 4d8pj7EDYvxiQK1RsmNmVu","EBD, Nicolas Vogler",0.69,0.962,0.0583,0.783,../mp3songs/Groove_Techno/Cutis - Nicolas Vogler Remix.mp3,techno,"[0, 0, 0, 0, 0, 0, 0, 0, 0, 0, 1]"
groove_techno,2AaypKvFq7StljzrDqB8SC,Across The Harbour,219ftAqQ0v073JOvxg94BH,Steve RedHead,0.586,0.948,0.0568,0.558,../mp3songs/Groove_Techno/Across The Harbour.mp3,techno,"[0, 0, 0, 0, 0, 0, 0, 0, 0, 0, 1]"
neurofunk_dnb,28au5d2aeLYC0MTiDpyyP2,Bagleys VHS,42EZt9LfgsaF0WHlDC3FoM,Spor,0.357,0.996,0.162,0.572,../mp3songs/Neurofunk_Drum_and_Bass/Bagleys VHS.mp3,dnb,"[0, 0, 0, 0, 0, 0, 1, 0, 0, 0, 0]"
schranz,0jaVdvBcmSGjCe4O2piUbb,Fireball,6VMRUmDTsDo1FbOxAEKA3Q,Alex TB,0.603,0.994,0.0642,0.368,../mp3songs/SCHRANZ_2024_/Fireball.mp3,techno,"[0, 0, 0, 0, 0, 0, 0, 1, 0, 0, 0]"
liquid_dnb,7zeeaFEbI8qGY2TEhgnVGN,Found Magic,"1rd51IrbtX9DqoU0Zxu4TV, 4CBavfYzjrTvV7xCIq6WQu","DJ Marky, Makoto",0.434,0.968,0.0601,0.317,../mp3songs/Liquid_Drum_and_Bass/Found Magic.mp3,dnb,"[0, 0, 0, 0, 0, 1, 0, 0, 0, 0, 0]"
hard_techno,1y7rOaaYcnKuhus3FU85lp,Toulouse,"1zSOxtMarFja6UNU9ZZWFu, 0kvKLw9mpWbVChHJ4Zl6ed","ANSBRO, Black/Plague",0.6,0.852,0.0644,0.135,../mp3songs/HARD_TECHNO/Toulouse.mp3,techno,"[0, 0, 1, 0, 0, 0, 0, 0, 0, 0, 0]"
neurofunk_dnb,5utINKwnXh1drV2vI9cnze,Bombalaya - Blooom Remix,"3cMInYqk6yzf37zo8iznoz, 1VzKsrHWSH4Ij7dTWfPe7z, 3Xtaqhj8MygkfndSArQOOS","DNMO, Wolfy Lights, Blooom",0.416,0.95,0.314,0.442,../mp3songs/Neurofunk_Drum_and_Bass/Bombalaya - Blooom Remix.mp3,dnb,"[0, 0, 0, 0, 0, 0, 1, 0, 0, 0, 0]"
liquid_dnb,1Rr7e4iNxc8akfF0GU9j2o,Your Eyes,"78JjBYPpCRwGwaZff4qQrv, 3t3cVtcvwZIcBvIKGH2nP2","Saka, Amethyst",0.606,0.691,0.0956,0.18,../mp3songs/Liquid_Drum_and_Bass/Your Eyes.mp3,dnb,"[0, 0, 0, 0, 0, 1, 0, 0, 0, 0, 0]"
90s_house,7aetPME2AVagb4pKlIVbHM,Rich in Paradise (Going Back to My Roots) - Vocal Remix,6HNYPrYPF6UzZhVFu2sLeh,FPI Project,0.692,0.938,0.0529,0.71,../mp3songs/90s_House_Classics/Rich in Paradise (Going Back to My Roots) - Vocal Remix.mp3,dance,"[1, 0, 0, 0, 0, 0, 0, 0, 0, 0, 0]"
tekkno,4bG8TzmNatN2W7pZU4tTZx,Nur das eine mal!,"6mhIOdvLrtQUlrACSqY3Yr, 0Wz4gSVp2FWHWGSLrsCWcD","HIGHTKK, Protekktic",0.535,0.887,0.0453,0.204,../mp3songs/tekkno/Nur das eine mal!.mp3,techno,"[0, 0, 0, 0, 0, 0, 0, 0, 0, 1, 0]"
liquid_dnb,2o6XsFkFhLdJ4DSvphk0L4,Affirmations,"5i7IOgJzy3Ov00uEmvQVSM, 2v3z0sSTauju6TA1GMqiQj","Echo Brown, KinKai",0.646,0.968,0.0716,0.0887,../mp3songs/Liquid_Drum_and_Bass/Affirmations.mp3,dnb,"[0, 0, 0, 0, 0, 1, 0, 0, 0, 0, 0]"
neurofunk_dnb,5PVdj6By6hlH7fY0rTBD9p,Hello,1m3Z3kHjeDDFzKNWqvTlYN,The Caracal Project,0.53,0.99,0.325,0.534,../mp3songs/Neurofunk_Drum_and_Bass/Hello.mp3,dnb,"[0, 0, 0, 0, 0, 0, 1, 0, 0, 0, 0]"
neurofunk_dnb,0vetKRU0ky6bwDGZcoTNE9,Wish You Were Dead,0jA09tU838A2JRveNgDSGa,Tom Finster,0.503,0.86,0.0786,0.0671,../mp3songs/Neurofunk_Drum_and_Bass/Wish You Were Dead.mp3,dnb,"[0, 0, 0, 0, 0, 0, 1, 0, 0, 0, 0]"
90s_house,5hVUbtzEMl8BLwZCG0ZMtD,"Showing Out (Get Fresh At the Weekend) - 7"" Version",4k7b3DWqBnYpobDWbNWLdM,Mel & Kim,0.703,0.838,0.0638,0.767,"../mp3songs/90s_House_Classics/Showing Out (Get Fresh At the Weekend) - 7"" Version.mp3",dance,"[1, 0, 0, 0, 0, 0, 0, 0, 0, 0, 0]"
hardstyle,5ZgA4F6aJ3nxKKYZq6KWco,Engeltje,"7jp5R1aY7kmwBYX3jIu9yk, 123hDJRbi4KtCdBaaKNHW6, 1naX4fxuRaDFlj9tGfIUZk","Jebroer, Paul Elstak, Dr Phunk",0.667,0.879,0.0394,0.351,../mp3songs/Hardcore_Techno_Hardstyle/Engeltje.mp3,techno,"[0, 0, 0, 1, 0, 0, 0, 0, 0, 0, 0]"
acid_techno,7lgdQfRT3013oGywUorbKH,Rave Luv,5lsC3H1vh9YSRQckyGv0Up,Ellen Allien,0.632,0.762,0.288,0.113,../mp3songs/ACID!_Best_Acid_Techno_Mix/Rave Luv.mp3,techno,"[0, 1, 0, 0, 0, 0, 0, 0, 0, 0, 0]"
jump_up_dnb,5TnPP8LK7UeHj1wJu8HLX6,Higher - VIP,4lQPqOsyeapLWAd2aXILFU,Mr Virgo,0.603,0.913,0.0855,0.697,../mp3songs/Jump-Up_Drum_and_Bass/Higher - VIP.mp3,dnb,"[0, 0, 0, 0, 1, 0, 0, 0, 0, 0, 0]"
tekkno,7odmxRlyKOt9tiuILmfF8q,Loco,"7MajXwmEaPsHi7DOJdMTQR, 1G3ww8c1Xg7Xj54BO9EN1J","Scheppertus, Tunnel Factory",0.653,0.941,0.0868,0.0393,../mp3songs/tekkno/Loco.mp3,techno,"[0, 0, 0, 0, 0, 0, 0, 0, 0, 1, 0]"
liquid_dnb,1TVJyHKYbS05EOZPLEflio,Out Of My Head,"5iLVMo4mpzwh4PWrZuLGvZ, 7aPOfpCiVKzhW7dCj16ODr, 4yzrGOiPCcssfpKBT0bnHR","LMX, Kubiks, Nu-La",0.507,0.916,0.059,0.12,../mp3songs/Liquid_Drum_and_Bass/Out Of My Head.mp3,dnb,"[0, 0, 0, 0, 0, 1, 0, 0, 0, 0, 0]"
schranz,5j5yJyj0fEbGuVAzzcCRin,Burning - Original Mix,7oNKKz05QhgsR1RI2rqDXs,Tilthammer,0.754,0.952,0.278,0.113,../mp3songs/SCHRANZ_2024_/Burning - Original Mix.mp3,techno,"[0, 0, 0, 0, 0, 0, 0, 1, 0, 0, 0]"
hard_techno,51xCJIB6whswDNw6tdbF97,Welcome Back Devil,0ZdNs1hU6aAiaZxvFbtDWF,Shlømo,0.595,0.96,0.0675,0.0999,../mp3songs/HARD_TECHNO/Welcome Back Devil.mp3,techno,"[0, 0, 1, 0, 0, 0, 0, 0, 0, 0, 0]"
hard_techno,3m0VHjr5wVGB1n6TbcG14Y,Mortal Combat,1uF27HWY7mPPtfpoUZ14Ep,Infeed,0.656,0.971,0.11,0.292,../mp3songs/HARD_TECHNO/Mortal Combat.mp3,techno,"[0, 0, 1, 0, 0, 0, 0, 0, 0, 0, 0]"
hard_techno,2BAr1qBoX4RGYl8hjrW8RL,She Is Corrupted,6fjhNhp9IoeiZpEXq9AT2S,Nico Moreno,0.74,0.956,0.133,0.0364,../mp3songs/HARD_TECHNO/She Is Corrupted.mp3,techno,"[0, 0, 1, 0, 0, 0, 0, 0, 0, 0, 0]"
techno,6dyfsauAoa5qN0tj9JKamE,My Gasoline,"0RMeG9M8QFzss9bAbq99KA, 7akxhVMmCpSDFw152XqCu6","Maddix, Fēlēs",0.65,0.983,0.0618,0.464,../mp3songs/TECHNO_BUNKER/My Gasoline.mp3,techno,"[0, 0, 0, 0, 0, 0, 0, 0, 1, 0, 0]"
tekkno,1fXqV8Eyf3hjtmKlmo11MQ,Clean,"4OWNHq6tL2TBSQgyzeu2Tw, 0yS6HixAAkOQLxPanqT8am","Sitte, MODUS STEIFHIGH",0.645,0.788,0.181,0.365,../mp3songs/tekkno/Clean.mp3,techno,"[0, 0, 0, 0, 0, 0, 0, 0, 0, 1, 0]"
techno,4gD1qMyIjDyz7Te8nlQEji,Breathe,5Ho1vKl1Uz8bJlk4vbmvmf,Amelie Lens,0.528,0.848,0.0317,0.245,../mp3songs/TECHNO_BUNKER/Breathe.mp3,techno,"[0, 0, 0, 0, 0, 0, 0, 0, 1, 0, 0]"
hard_techno,3dQ0NDk0keLrFjNJo77MJr,SCREECHMASTER,4NzdIkiweEHJgVdg8q2Ruk,Basswell,0.824,0.992,0.328,0.0348,../mp3songs/HARD_TECHNO/SCREECHMASTER.mp3,techno,"[0, 0, 1, 0, 0, 0, 0, 0, 0, 0, 0]"
tekkno,3gTmCXQkmhze8fCiY2fdqo,Ganz Normal,66GQqVO1U8zhksXsdgTfhD,Thekke,0.83,0.863,0.219,0.246,../mp3songs/tekkno/Ganz Normal.mp3,techno,"[0, 0, 0, 0, 0, 0, 0, 0, 0, 1, 0]"
acid_techno,3uivjbc9k3Wt0LrsRHRHst,Run for Cover,4x3FMOF0ulR4kFBdanXmNV,Andrej Meyer,0.576,0.93,0.0442,0.55,../mp3songs/ACID!_Best_Acid_Techno_Mix/Run for Cover.mp3,techno,"[0, 1, 0, 0, 0, 0, 0, 0, 0, 0, 0]"
hard_techno,1N35WIY1Cv1stMMZJ70Y85,An Era Of Absurdity - 999999999 Remix,"6Unmr1mmDxRqZY7jkSQOcg, 6uD2LjPHUjxrpax0se17Nc","Snts, 999999999",0.378,0.994,0.0505,0.184,../mp3songs/HARD_TECHNO/An Era Of Absurdity - 999999999 Remix.mp3,techno,"[0, 0, 1, 0, 0, 0, 0, 0, 0, 0, 0]"
groove_techno,4D8PU73TQrM9XffOPwpjRl,São Paulo,7kuKQ3YGpserZme7CtZPdI,Sonic Rain,0.733,0.941,0.0575,0.876,../mp3songs/Groove_Techno/São Paulo.mp3,techno,"[0, 0, 0, 0, 0, 0, 0, 0, 0, 0, 1]"
schranz,0di4ZhdxhhbMIPa5agUABX,Waste In The Sound,6rBb9rb9vfdKIt6YhIYRjw,Monster Mush,0.513,0.998,0.0897,0.26,../mp3songs/SCHRANZ_2024_/Waste In The Sound.mp3,techno,"[0, 0, 0, 0, 0, 0, 0, 1, 0, 0, 0]"
acid_techno,2omtwYPfscqQc2XjOSmJOy,Ego Is The Enemy,4iHnLagnnmgiIwMSm1wuTq,Giorgia Angiuli,0.575,0.979,0.069,0.155,../mp3songs/ACID!_Best_Acid_Techno_Mix/Ego Is The Enemy.mp3,techno,"[0, 1, 0, 0, 0, 0, 0, 0, 0, 0, 0]"
acid_techno,1Ivo2M3DBfweLv6k6x4aBZ,Gravestone,6D3hUyMsSg5p0Tr8N1sTp7,Lex Digital,0.268,0.975,0.068,0.0641,../mp3songs/ACID!_Best_Acid_Techno_Mix/Gravestone.mp3,techno,"[0, 1, 0, 0, 0, 0, 0, 0, 0, 0, 0]"
schranz,69LVEbqB4AuwuBll4fYJZ8,In My Head,2Yt0k7UqBOAjoE92UfS2Bi,F-17,0.462,0.999,0.115,0.31,../mp3songs/SCHRANZ_2024_/In My Head.mp3,techno,"[0, 0, 0, 0, 0, 0, 0, 1, 0, 0, 0]"
tekkno,4aLmMCJ4vSPoE6KB2vm4m3,Ey Bitch,67Rfpb4pilqRGbDNl8rEGn,Takti & Caret,0.694,0.765,0.227,0.66,../mp3songs/tekkno/Ey Bitch.mp3,techno,"[0, 0, 0, 0, 0, 0, 0, 0, 0, 1, 0]"
90s_house,4lgDZcisljVlutaku19eqV,David Morales - Needin U - Radio Edit,"6CwQfN34JdGHfo0A752Lts, 0c3f0X32um603awrTfc3mD","David Morales, The Face",0.596,0.979,0.0423,0.693,../mp3songs/90s_House_Classics/David Morales - Needin U - Radio Edit.mp3,dance,"[1, 0, 0, 0, 0, 0, 0, 0, 0, 0, 0]"
hard_techno,4q6G9mmjbveIt3kvPgaJL0,Fusillade,"1soUF8xmV5ij7Zi5ykNGr6, 2w2F0FNIB80MQPxICKbjqf","USH, SLVL",0.591,0.971,0.0789,0.035,../mp3songs/HARD_TECHNO/Fusillade.mp3,techno,"[0, 0, 1, 0, 0, 0, 0, 0, 0, 0, 0]"
hard_techno,1pcDlqCeLHpxK6xVdv6ONZ,Thalassophobia,0bMxsn0N2APrVga72XmQJ4,APHØTIC,0.586,0.994,0.0609,0.379,../mp3songs/HARD_TECHNO/Thalassophobia.mp3,techno,"[0, 0, 1, 0, 0, 0, 0, 0, 0, 0, 0]"
acid_techno,1biKqdOsiIo2JekJ8UPX1x,How You Move - Edit,1lJhME1ZpzsEa5M0wW6Mso,Charlotte de Witte,0.704,0.994,0.0671,0.287,../mp3songs/ACID!_Best_Acid_Techno_Mix/How You Move - Edit.mp3,techno,"[0, 1, 0, 0, 0, 0, 0, 0, 0, 0, 0]"
liquid_dnb,3bqxE1Qt9jaEENypEK8cMx,Oil On Water,6Hb29cwvtPMH6wThCBqGQ5,pyxis,0.466,0.83,0.0393,0.036,../mp3songs/Liquid_Drum_and_Bass/Oil On Water.mp3,dnb,"[0, 0, 0, 0, 0, 1, 0, 0, 0, 0, 0]"
hard_techno,7n9rePdJHPQ6QFgpjTPEj6,Attack,4eFbq5PZgW7YbtA65PP4wS,Alignment,0.639,0.975,0.0732,0.0302,../mp3songs/HARD_TECHNO/Attack.mp3,techno,"[0, 0, 1, 0, 0, 0, 0, 0, 0, 0, 0]"
neurofunk_dnb,37tWPZAM7MJwB3l4bbuLG8,Sentient - Joe Ford Remix,"4Pn0zmbERg32YIOjl2nOQf, 32rwroseSEZ7dEwooAUikF","Droptek, Joe Ford",0.713,0.897,0.17,0.666,../mp3songs/Neurofunk_Drum_and_Bass/Sentient - Joe Ford Remix.mp3,dnb,"[0, 0, 0, 0, 0, 0, 1, 0, 0, 0, 0]"
jump_up_dnb,5TbygwHmOOd5IFimaprO9j,Voice Notes,5Pexua3J92rqhQvEqTcRKP,Voltage,0.807,0.989,0.284,0.425,../mp3songs/Jump-Up_Drum_and_Bass/Voice Notes.mp3,dnb,"[0, 0, 0, 0, 1, 0, 0, 0, 0, 0, 0]"
tekkno,0SjkpbOjhVUDWhqrZO8f8p,Problems,2tIywVkMi4Kz3FIZxBvqD9,Kannadiss,0.536,0.969,0.187,0.541,../mp3songs/tekkno/Problems.mp3,techno,"[0, 0, 0, 0, 0, 0, 0, 0, 0, 1, 0]"
hard_techno,5VLgLQRlu9A1QguMclcI1a,Time Machine,"4gF60Mys5KoWdQrf0bhRWq, 6wBqeigBUFAIAnPuBQl071","Luca Agnelli, PISAPIA (IT)",0.581,0.996,0.0632,0.177,../mp3songs/HARD_TECHNO/Time Machine.mp3,techno,"[0, 0, 1, 0, 0, 0, 0, 0, 0, 0, 0]"
groove_techno,7uFbp8fqCLTmLy0fZB2W6S,Love Blaster,3lJoRDjlvFXZLvSRVeM6m8,Chlär,0.618,0.986,0.0598,0.288,../mp3songs/Groove_Techno/Love Blaster.mp3,techno,"[0, 0, 0, 0, 0, 0, 0, 0, 0, 0, 1]"
liquid_dnb,2jtlU6H5C9WFB0x72f6YGo,Touch,"05lF0DUkLJqiW5o70SScyR, 1MW1wqNtF2hNgsPfGDhrHB","Hybrid Minds, Catching Cairo",0.582,0.821,0.0497,0.0373,../mp3songs/Liquid_Drum_and_Bass/Touch.mp3,dnb,"[0, 0, 0, 0, 0, 1, 0, 0, 0, 0, 0]"
acid_techno,4tPaHroZ18mIOZ3LeiEalV,O.T.F,5bwTl3iyhj2j9hXlMTAZzM,DJ Jordan,0.732,0.969,0.0577,0.149,../mp3songs/ACID!_Best_Acid_Techno_Mix/O.T.F.mp3,techno,"[0, 1, 0, 0, 0, 0, 0, 0, 0, 0, 0]"
neurofunk_dnb,7735jZeQprfP73oz4pAaLb,Black Bloc,5bNvSO3b75SGJrx0kOt996,Justin Hawkes,0.365,0.8,0.0589,0.034,../mp3songs/Neurofunk_Drum_and_Bass/Black Bloc.mp3,dnb,"[0, 0, 0, 0, 0, 0, 1, 0, 0, 0, 0]"
jump_up_dnb,4BfqV9fVYGTmJbPTtkH5em,Too Bad - Remix,7IXFGPfOJUy0UwHnXDTWCe,Taxman,0.528,0.988,0.33,0.581,../mp3songs/Jump-Up_Drum_and_Bass/Too Bad - Remix.mp3,dnb,"[0, 0, 0, 0, 1, 0, 0, 0, 0, 0, 0]"
hardstyle,2W7YaD8t0WoW3xPqwMNDrO,In My Head - Radio Edit,2u4C7ImRPyTV4J8RMMcrqa,Kit Hype,0.6,0.95,0.158,0.27,../mp3songs/Hardcore_Techno_Hardstyle/In My Head - Radio Edit.mp3,techno,"[0, 0, 0, 1, 0, 0, 0, 0, 0, 0, 0]"
90s_house,0ZBPWoRkfZ8SLcDJaFnkUu,Passion - Naked Edit,6wbsiIvg0rsbL9JlLAH9GA,Gat Decor,0.71,0.625,0.0414,0.183,../mp3songs/90s_House_Classics/Passion - Naked Edit.mp3,dance,"[1, 0, 0, 0, 0, 0, 0, 0, 0, 0, 0]"
tekkno,5qhYIcEl9Off0G87Fndhbw,FRIDAY MODE,45AkWRnBt1IAMLvt8ecgRm,Rütekker,0.722,0.92,0.247,0.29,../mp3songs/tekkno/FRIDAY MODE.mp3,techno,"[0, 0, 0, 0, 0, 0, 0, 0, 0, 1, 0]"
groove_techno,5fAAXWqlDR3bp0JFlzIO1u,All I Wanna Do,"0BbYgvkms91JFjy99lMNnr, 7D5uEg2a7yzc5AsGyGr73O","Lidez, RUL3",0.603,0.948,0.142,0.24,../mp3songs/Groove_Techno/All I Wanna Do.mp3,techno,"[0, 0, 0, 0, 0, 0, 0, 0, 0, 0, 1]"
hardstyle,0bwI6R3Nvqahxh9uNPei79,Invincible,"1RsU9zuGACUb1NGShiFpcP, 77faXTf6wXs3L2CVol0c8C","Deadly Guns, E-Force",0.675,0.97,0.119,0.155,../mp3songs/Hardcore_Techno_Hardstyle/Invincible.mp3,techno,"[0, 0, 0, 1, 0, 0, 0, 0, 0, 0, 0]"
90s_house,5suP41ovdCSHsXZnTFALzX,Hey Music Lover,2PvqyOwynRF4BveaU6IA7S,S'Express,0.673,0.862,0.069,0.854,../mp3songs/90s_House_Classics/Hey Music Lover.mp3,dance,"[1, 0, 0, 0, 0, 0, 0, 0, 0, 0, 0]"
groove_techno,1uGhzrBuTrRDhJKtESEJg9,Papabinghi,0h3LDqJWxHfdM76kVnfGcY,CRAVO,0.649,0.972,0.0613,0.606,../mp3songs/Groove_Techno/Papabinghi.mp3,techno,"[0, 0, 0, 0, 0, 0, 0, 0, 0, 0, 1]"
hardstyle,2xnbHOG0L6jLXydK733OpC,GFU,"12XFFT7c5VUYdNzJODHOLn, 3ipAwQsSahvSht3Bb8SpLs","Chaotic Hostility, DRS",0.573,0.677,0.0867,0.0402,../mp3songs/Hardcore_Techno_Hardstyle/GFU.mp3,techno,"[0, 0, 0, 1, 0, 0, 0, 0, 0, 0, 0]"
jump_up_dnb,7j0xlUZ2C8eAgJ0DYTF5MX,Work for Nothing,342v8x9GiDdRdWOwcrzY1h,Decimal Bass,0.454,0.937,0.0915,0.389,../mp3songs/Jump-Up_Drum_and_Bass/Work for Nothing.mp3,dnb,"[0, 0, 0, 0, 1, 0, 0, 0, 0, 0, 0]"
schranz,1uz5wsBNdL1jQ6P2BKPBVl,Nostalgia,3V3sC6ECD51H0rgsgxGfSZ,PSP,0.536,0.995,0.2,0.169,../mp3songs/SCHRANZ_2024_/Nostalgia.mp3,techno,"[0, 0, 0, 0, 0, 0, 0, 1, 0, 0, 0]"
tekkno,0AwWRdFSrp40Vxj7YDbo1F,Party machen,66GQqVO1U8zhksXsdgTfhD,Thekke,0.486,0.908,0.0652,0.348,../mp3songs/tekkno/Party machen.mp3,techno,"[0, 0, 0, 0, 0, 0, 0, 0, 0, 1, 0]"
schranz,6JkXmIKqOFVysQwNZ0DOmr,Dont Be a Pussy - Original Mix,4uB2stCxCbOV5We7GifuSW,Jason Little,0.806,0.995,0.32,0.0351,../mp3songs/SCHRANZ_2024_/Dont Be a Pussy - Original Mix.mp3,techno,"[0, 0, 0, 0, 0, 0, 0, 1, 0, 0, 0]"
groove_techno,7JWMcXxoLiBsBM2QkkeD5x,Close Enough,"1um4s8yoDs6nbKECT77g8B, 7igvT3EeIPAVGzZRdxpZqO","Sedvs, Peel",0.727,0.923,0.0497,0.704,../mp3songs/Groove_Techno/Close Enough.mp3,techno,"[0, 0, 0, 0, 0, 0, 0, 0, 0, 0, 1]"
hardstyle,47NbAO6WuJkPm5SPaqGnyo,Koekoek Jonghuh!,5WUnGF4pM7DerBF0GSivNv,D-Fence,0.505,0.998,0.112,0.122,../mp3songs/Hardcore_Techno_Hardstyle/Koekoek Jonghuh!.mp3,techno,"[0, 0, 0, 1, 0, 0, 0, 0, 0, 0, 0]"
acid_techno,3SIje7YniLKN7SsoiJyXiF,Dreams Take Flight,7KkV7dFoGEXr4M3fpb1FgD,Thomas Schumacher,0.752,0.988,0.101,0.491,../mp3songs/ACID!_Best_Acid_Techno_Mix/Dreams Take Flight.mp3,techno,"[0, 1, 0, 0, 0, 0, 0, 0, 0, 0, 0]"
tekkno,1tYr6BW9LleP0WWRMgYt34,Persönlichkeitsstörung,23UUsIhRcUSiJ9zazaIjiU,CheapeX,0.759,0.606,0.222,0.326,../mp3songs/tekkno/Persönlichkeitsstörung.mp3,techno,"[0, 0, 0, 0, 0, 0, 0, 0, 0, 1, 0]"
liquid_dnb,7JAkvffm6VZJ0uVO3DY3My,About You,0FhgVFxDmcXH3blEWtt13V,Blossom,0.551,0.86,0.036,0.0403,../mp3songs/Liquid_Drum_and_Bass/About You.mp3,dnb,"[0, 0, 0, 0, 0, 1, 0, 0, 0, 0, 0]"
groove_techno,2j7ggdZBta5kyc8RgdDkUk,Highline Dancer,55q6RLf1bNVnBKE9qC1MC3,Paqué,0.757,0.979,0.0549,0.476,../mp3songs/Groove_Techno/Highline Dancer.mp3,techno,"[0, 0, 0, 0, 0, 0, 0, 0, 0, 0, 1]"
hard_techno,5vdaItb7tjuhs4IiXcxMXn,Rotterdam,2R3wb1vbfcX7igEpay4uPV,Per Pleks,0.598,0.921,0.0784,0.194,../mp3songs/HARD_TECHNO/Rotterdam.mp3,techno,"[0, 0, 1, 0, 0, 0, 0, 0, 0, 0, 0]"
jump_up_dnb,5aR0nxizYcoRsuFPWKzda2,All The Way Up,"1V9Bmg9gpcQDBfNZBQCWw7, 7gqMiipTaISTnI2KjpdSjs","Deekline, Specimen A",0.759,0.945,0.192,0.437,../mp3songs/Jump-Up_Drum_and_Bass/All The Way Up.mp3,dnb,"[0, 0, 0, 0, 1, 0, 0, 0, 0, 0, 0]"
groove_techno,0iIJzjoLAphO4XxkwsSNHl,Slaves of Existence,219ftAqQ0v073JOvxg94BH,Steve RedHead,0.627,0.997,0.0504,0.361,../mp3songs/Groove_Techno/Slaves of Existence.mp3,techno,"[0, 0, 0, 0, 0, 0, 0, 0, 0, 0, 1]"
90s_house,5SMnHUNB2iBm3rkuoHpIZO,I'll Be Your Friend - Original Mix (2011 Remastered Version),407nV5hO7mZap3UJdpTr4t,Robert Owens,0.731,0.859,0.0414,0.573,../mp3songs/90s_House_Classics/I'll Be Your Friend - Original Mix (2011 Remastered Version).mp3,dance,"[1, 0, 0, 0, 0, 0, 0, 0, 0, 0, 0]"
90s_house,4Foka1AEAx62AqDeqpZZpd,In & Out of My Life (Knee Deep Vocal),04L4Y7Hkc1fULKhFbTnSSs,ATFC,0.675,0.93,0.171,0.569,../mp3songs/90s_House_Classics/In & Out of My Life (Knee Deep Vocal).mp3,dance,"[1, 0, 0, 0, 0, 0, 0, 0, 0, 0, 0]"
schranz,3DB9frqCf2UvUgenGpZRuH,Echoes Of Groove,49HgT3Jf89Xiw8lKvvemf5,Marco Leckbert,0.731,0.989,0.336,0.166,../mp3songs/SCHRANZ_2024_/Echoes Of Groove.mp3,techno,"[0, 0, 0, 0, 0, 0, 0, 1, 0, 0, 0]"
neurofunk_dnb,6wqWOs1hjECYHhFdVR6cAH,Lust,"7s83dhuGTbXkYUEDXCisbK, 7sLv4bED064cYa2XhF85og","Synergy, Tasha Baxter",0.344,0.945,0.0538,0.0374,../mp3songs/Neurofunk_Drum_and_Bass/Lust.mp3,dnb,"[0, 0, 0, 0, 0, 0, 1, 0, 0, 0, 0]"
techno,2YCgldCFM52mBBZdQCOfDE,Voicemail,"2Csf1qoijHi5nMt2mMJcjd, 2wdY7YDYVddKtVbbgh1fCT","Andrea Botez, biskuwi",0.609,0.953,0.0395,0.31,../mp3songs/TECHNO_BUNKER/Voicemail.mp3,techno,"[0, 0, 0, 0, 0, 0, 0, 0, 1, 0, 0]"
jump_up_dnb,7Ff2ZgIyYgmYMzTg8BotG2,Bass,5DygptUY6coQHpmgFfISzQ,A.M.C,0.828,0.99,0.325,0.314,../mp3songs/Jump-Up_Drum_and_Bass/Bass.mp3,dnb,"[0, 0, 0, 0, 1, 0, 0, 0, 0, 0, 0]"
liquid_dnb,0LzUTR0cjWXpiObhMi8rq0,Back To You,5y0Z76say1n6Vj2mQnUHNj,Ownglow,0.61,0.561,0.04,0.0543,../mp3songs/Liquid_Drum_and_Bass/Back To You.mp3,dnb,"[0, 0, 0, 0, 0, 1, 0, 0, 0, 0, 0]"
acid_techno,6yNDpsCszehMNlkG8te0tV,Broken Layer - Radio Mix,"0xTHDDgrTLK87pC4blqD6j, 4A1OUjXSxwdTmiGG5lbqVv","Christian Cambas, Steve Shaden",0.521,0.988,0.0555,0.142,../mp3songs/ACID!_Best_Acid_Techno_Mix/Broken Layer - Radio Mix.mp3,techno,"[0, 1, 0, 0, 0, 0, 0, 0, 0, 0, 0]"
jump_up_dnb,2WElJE32IssvKRrBsB9S8L,Polarity,"1TVDml0EOLsjUxBCFzqWes, 1KiNUGL3r0GgyLwqYCY1yV","Turno, Kanine",0.448,0.972,0.0991,0.0351,../mp3songs/Jump-Up_Drum_and_Bass/Polarity.mp3,dnb,"[0, 0, 0, 0, 1, 0, 0, 0, 0, 0, 0]"
groove_techno,431nKqwWbnFqvqKyQ77gEY,Riot.,0iS9Zzud5hNvjx0wVfIVvd,Alfa Cornae,0.74,0.979,0.0873,0.0673,../mp3songs/Groove_Techno/Riot..mp3,techno,"[0, 0, 0, 0, 0, 0, 0, 0, 0, 0, 1]"
groove_techno,7MXH2mO1VKPnIasJjwNxcF,Dalloz,219ftAqQ0v073JOvxg94BH,Steve RedHead,0.668,0.994,0.133,0.622,../mp3songs/Groove_Techno/Dalloz.mp3,techno,"[0, 0, 0, 0, 0, 0, 0, 0, 0, 0, 1]"
hard_techno,6ydh5IsWP3KGwfLD3ikhBH,Your Bad Company,6fjhNhp9IoeiZpEXq9AT2S,Nico Moreno,0.655,0.992,0.0726,0.217,../mp3songs/HARD_TECHNO/Your Bad Company.mp3,techno,"[0, 0, 1, 0, 0, 0, 0, 0, 0, 0, 0]"
90s_house,4XbAHiP83NvAj1rW2vIrys,Everybody (All over the World) - Dance Version,6HNYPrYPF6UzZhVFu2sLeh,FPI Project,0.778,0.842,0.0567,0.788,../mp3songs/90s_House_Classics/Everybody (All over the World) - Dance Version.mp3,dance,"[1, 0, 0, 0, 0, 0, 0, 0, 0, 0, 0]"
schranz,6dx2Esc8bDWNLsmiV6y2od,Split Island - Drey Remix,"7xZLyDViuZrD0WNvxnQ8L6, 0PZ60FKerQw8ZOHYFdXcdM","MAIK (Es), DREY",0.531,0.984,0.153,0.343,../mp3songs/SCHRANZ_2024_/Split Island - Drey Remix.mp3,techno,"[0, 0, 0, 0, 0, 0, 0, 1, 0, 0, 0]"
tekkno,764tToPRLDIXeyJ8HK2sDp,BLOODY ASS SHOES - Rütekker Remix,"78DBqQqK14yzExqp8L9d27, 45AkWRnBt1IAMLvt8ecgRm","Project 98, Rütekker",0.663,0.845,0.0585,0.341,../mp3songs/tekkno/BLOODY ASS SHOES - Rütekker Remix.mp3,techno,"[0, 0, 0, 0, 0, 0, 0, 0, 0, 1, 0]"
hardstyle,7iGbCV07PTIWpEBXUoIZG3,Renegades,"5cPNMq5lKAoAKyv5kdpz9s, 5SxjKJ2HIg3dVQ427HYVHS","Frequencerz, Bass Chaserz",0.491,0.995,0.201,0.311,../mp3songs/Hardcore_Techno_Hardstyle/Renegades.mp3,techno,"[0, 0, 0, 1, 0, 0, 0, 0, 0, 0, 0]"
schranz,50OFFuFbIbF3AensgUUY97,Intro (DocThor HT Rework),6lIq4fXOHlJ0uiAZ7lWeXF,DocThor,0.635,0.998,0.0567,0.0641,../mp3songs/SCHRANZ_2024_/Intro (DocThor HT Rework).mp3,techno,"[0, 0, 0, 0, 0, 0, 0, 1, 0, 0, 0]"
hard_techno,7HIuC63rFO7QxFwoMg9jHK,Purple Widow,6fjhNhp9IoeiZpEXq9AT2S,Nico Moreno,0.594,0.978,0.0634,0.154,../mp3songs/HARD_TECHNO/Purple Widow.mp3,techno,"[0, 0, 1, 0, 0, 0, 0, 0, 0, 0, 0]"
techno,4V8VKDe62ZdGZAn551JdTz,Siente (el Ritmo),7feJmqQ32fTIPKBmPXwHXf,DJ Gigola,0.757,0.815,0.048,0.611,../mp3songs/TECHNO_BUNKER/Siente (el Ritmo).mp3,techno,"[0, 0, 0, 0, 0, 0, 0, 0, 1, 0, 0]"
neurofunk_dnb,7eaF4wiEcDvtW9I16O4vrF,Instinct,1mlAkvaCrzWSxS2ATBZh27,Kumarion,0.644,0.951,0.163,0.179,../mp3songs/Neurofunk_Drum_and_Bass/Instinct.mp3,dnb,"[0, 0, 0, 0, 0, 0, 1, 0, 0, 0, 0]"
hardstyle,4Y9tutj1sKhWi5VRE5Wmkr,Soldaat,"7jp5R1aY7kmwBYX3jIu9yk, 123hDJRbi4KtCdBaaKNHW6, 1naX4fxuRaDFlj9tGfIUZk","Jebroer, Paul Elstak, Dr Phunk",0.752,0.948,0.0654,0.727,../mp3songs/Hardcore_Techno_Hardstyle/Soldaat.mp3,techno,"[0, 0, 0, 1, 0, 0, 0, 0, 0, 0, 0]"
schranz,1oSjcZ5jHsdIhTsqKQSaOy,Star 69 Edit,7uS4z6GqvIIdZbVq327Ak9,Alt8,0.633,0.997,0.108,0.225,../mp3songs/SCHRANZ_2024_/Star 69 Edit.mp3,techno,"[0, 0, 0, 0, 0, 0, 0, 1, 0, 0, 0]"
schranz,2CaXaN46ybn3zS6CbZZp0V,Blutrausch,4GS4VJDelFej3VGDWEQSRg,Sutura,0.501,0.999,0.219,0.127,../mp3songs/SCHRANZ_2024_/Blutrausch.mp3,techno,"[0, 0, 0, 0, 0, 0, 0, 1, 0, 0, 0]"
neurofunk_dnb,5spNLhJiDP9R475FLNDea5,Music To Stay In Your House To - Buunshin's Go Outside Remix,"5Y7rFm0tiJTVDzGLMzz0W1, 5ucX3eT8wlEQGRVwUyeqBj","IMANU, Buunshin",0.446,0.909,0.391,0.114,../mp3songs/Neurofunk_Drum_and_Bass/Music To Stay In Your House To - Buunshin's Go Outside Remix.mp3,dnb,"[0, 0, 0, 0, 0, 0, 1, 0, 0, 0, 0]"
groove_techno,2mLpQsMGmBegyUDRjwRcgb,Indecisive,7vRc0koYRGI3t6EUHS6uza,Lasse,0.76,0.975,0.0624,0.0988,../mp3songs/Groove_Techno/Indecisive.mp3,techno,"[0, 0, 0, 0, 0, 0, 0, 0, 0, 0, 1]"
hardstyle,34NrbYBzDKCR64kX2ImmuQ,Boom,"1v2lA2moEBT9UFfnRd6Pkx, 4RbUYWWjEBb4umwqakOEd3","Floxytek, Dr. Peacock",0.498,0.974,0.0789,0.0623,../mp3songs/Hardcore_Techno_Hardstyle/Boom.mp3,techno,"[0, 0, 0, 1, 0, 0, 0, 0, 0, 0, 0]"
90s_house,16pww8bqjeYClGmsbd0AXK,Closer Than Close - Mentor Original Radio Edit,1HRiWIhV7rgiL74L2AqZ5W,Rosie Gaines,0.796,0.8,0.0751,0.478,../mp3songs/90s_House_Classics/Closer Than Close - Mentor Original Radio Edit.mp3,dance,"[1, 0, 0, 0, 0, 0, 0, 0, 0, 0, 0]"
acid_techno,6zkuDUkGcJQCH6SqFvKV61,Feel It - Original Mix,6QfZgJa0nrIKLwAdso7ai9,ROBPM,0.583,0.988,0.0654,0.129,../mp3songs/ACID!_Best_Acid_Techno_Mix/Feel It - Original Mix.mp3,techno,"[0, 1, 0, 0, 0, 0, 0, 0, 0, 0, 0]"
90s_house,4nSB2aHenBe3oRKTT9bGxr,Weekend,3dE92yGWcrboP1kC5SWyqu,Todd Terry,0.721,0.869,0.0617,0.83,../mp3songs/90s_House_Classics/Weekend.mp3,dance,"[1, 0, 0, 0, 0, 0, 0, 0, 0, 0, 0]"
neurofunk_dnb,5ZwvPXsvqWOr2XcDZ1ohu6,Fateful Hour,"3PAXvY08KxX5HmCsmKw4x8, 6Piel9jEbV4Qb18Yw1B2dI","Black Sun Empire, State of Mind",0.585,0.959,0.221,0.43,../mp3songs/Neurofunk_Drum_and_Bass/Fateful Hour.mp3,dnb,"[0, 0, 0, 0, 0, 0, 1, 0, 0, 0, 0]"
neurofunk_dnb,3HZoiApeSIV52mZUQbo2YX,Base,1j95lMtVC9QwnVbifoVy60,Upgrade (UK),0.666,0.977,0.142,0.498,../mp3songs/Neurofunk_Drum_and_Bass/Base.mp3,dnb,"[0, 0, 0, 0, 0, 0, 1, 0, 0, 0, 0]"
jump_up_dnb,7EEvHg7g1rJ4xVW3wqbvBD,Horizon,2pt5UoGz2mru82DGCkTDP7,Distress Signal,0.527,0.888,0.0805,0.0384,../mp3songs/Jump-Up_Drum_and_Bass/Horizon.mp3,dnb,"[0, 0, 0, 0, 1, 0, 0, 0, 0, 0, 0]"
groove_techno,5pSrgl225Wps9hm49bB5DK,Sevastopool,7rHhWyyxcE47GtdfWBhCQb,Inherent Motion,0.665,0.909,0.0474,0.108,../mp3songs/Groove_Techno/Sevastopool.mp3,techno,"[0, 0, 0, 0, 0, 0, 0, 0, 0, 0, 1]"
hard_techno,5G6HJZGqLBz0uMnowpe8AT,Sanguine Fountain,2kqP3BXfLgo74OpfoC9cf7,Vendex,0.322,0.996,0.0975,0.309,../mp3songs/HARD_TECHNO/Sanguine Fountain.mp3,techno,"[0, 0, 1, 0, 0, 0, 0, 0, 0, 0, 0]"
groove_techno,1KKy0A0bc2kbmX5FReztY5,Funana,0h3LDqJWxHfdM76kVnfGcY,CRAVO,0.597,0.882,0.0711,0.775,../mp3songs/Groove_Techno/Funana.mp3,techno,"[0, 0, 0, 0, 0, 0, 0, 0, 0, 0, 1]"
hard_techno,1wPAkr33X1wOvJvRlt8D7n,Devil's Senate,"0aby7MYHsm3JS0eSifxu3I, 4QualaVaoF8vYnpJ5o8Pw6","Stan Christ, Doruksen",0.527,0.914,0.0815,0.47,../mp3songs/HARD_TECHNO/Devil's Senate.mp3,techno,"[0, 0, 1, 0, 0, 0, 0, 0, 0, 0, 0]"
liquid_dnb,0DYXPCScabMgLGj0W5OFUc,Overrated,2HRQmTBCGufnxsFIodHske,Elipsa,0.586,0.946,0.0488,0.225,../mp3songs/Liquid_Drum_and_Bass/Overrated.mp3,dnb,"[0, 0, 0, 0, 0, 1, 0, 0, 0, 0, 0]"
acid_techno,4RIQDTDJUfvl0VEJwzVGJo,Can U Relate,"5FgLkieOqGXPn01dnbJp9Z, 1Hu2YwTv9wmxC8sppVVUA4","T78, Sam WOLFE",0.669,0.957,0.0763,0.29,../mp3songs/ACID!_Best_Acid_Techno_Mix/Can U Relate.mp3,techno,"[0, 1, 0, 0, 0, 0, 0, 0, 0, 0, 0]"
techno,1WFlFVMRyCc0tP0tdQCaDw,Croce,144HzhpLjcR9k37w5Ico9B,Deborah de Luca,0.695,0.862,0.0823,0.158,../mp3songs/TECHNO_BUNKER/Croce.mp3,techno,"[0, 0, 0, 0, 0, 0, 0, 0, 1, 0, 0]"
tekkno,0jsaRzKNkmTj8zFSz3T0P7,Bumsmusik,3sJWBbtZeTU9P0CPA8iX7G,Zecher,0.76,0.925,0.116,0.885,../mp3songs/tekkno/Bumsmusik.mp3,techno,"[0, 0, 0, 0, 0, 0, 0, 0, 0, 1, 0]"
acid_techno,3MqZdRcgBgZx38ZGJPnNnr,Hardcore Rabbit,59a1Bp0JQfL2mGnpL0lW2Y,Joyhauser,0.737,0.948,0.0632,0.328,../mp3songs/ACID!_Best_Acid_Techno_Mix/Hardcore Rabbit.mp3,techno,"[0, 1, 0, 0, 0, 0, 0, 0, 0, 0, 0]"
90s_house,3pgainA2dH9c7e8JVYGRCN,Ride on Time,6tsRo8ErXzpHk3tQeH6GBW,Black Box,0.679,0.857,0.0322,0.765,../mp3songs/90s_House_Classics/Ride on Time.mp3,dance,"[1, 0, 0, 0, 0, 0, 0, 0, 0, 0, 0]"
groove_techno,3yciSiIvHalu5Fm2hNR9sW,Thirty,4d8pj7EDYvxiQK1RsmNmVu,Nicolas Vogler,0.797,0.763,0.0961,0.744,../mp3songs/Groove_Techno/Thirty.mp3,techno,"[0, 0, 0, 0, 0, 0, 0, 0, 0, 0, 1]"
90s_house,3fmlNzB27d8Y5GW9lum3aT,Servants Jaz House,1ZdinLDX0e8r5dIlWLpmAc,Glenn Underground,0.75,0.365,0.0625,0.323,../mp3songs/90s_House_Classics/Servants Jaz House.mp3,dance,"[1, 0, 0, 0, 0, 0, 0, 0, 0, 0, 0]"
liquid_dnb,2SN7ULJRUGp4GWFRAaWTbr,run away,"7FqSU53yVH1SQAtLZ63DGS, 08lwmg7ki4mdO5VN7cKdi6","Rohaan, Kelbin",0.658,0.83,0.131,0.825,../mp3songs/Liquid_Drum_and_Bass/run away.mp3,dnb,"[0, 0, 0, 0, 0, 1, 0, 0, 0, 0, 0]"
hard_techno,0msQT0ZrpZRNx06jPI8YKv,I Fxcked Your Wife,0copVQkrcbfv5CzOyXuLKy,Fantasm,0.56,0.956,0.22,0.184,../mp3songs/HARD_TECHNO/I Fxcked Your Wife.mp3,techno,"[0, 0, 1, 0, 0, 0, 0, 0, 0, 0, 0]"
schranz,3PshaorY7d9ZTDNFXhMcx0,Persévérance,5pD2IGUrSinMBNjcJWVL52,COIL,0.499,0.994,0.0897,0.151,../mp3songs/SCHRANZ_2024_/Persévérance.mp3,techno,"[0, 0, 0, 0, 0, 0, 0, 1, 0, 0, 0]"
90s_house,2nx86MrPkXWQctveAEFJBf,Turn Around - Radio Edit,"4WLGcWrkSExCqILxDk7ol6, 1bqxl4NUclRsHX98Z3bn2v","Phats & Small, Toney Lee",0.797,0.752,0.128,0.801,../mp3songs/90s_House_Classics/Turn Around - Radio Edit.mp3,dance,"[1, 0, 0, 0, 0, 0, 0, 0, 0, 0, 0]"
schranz,2t97gWFz0Ygal4hr4F7hVO,Feel the Energy Rush,38imFqUPVXVeBduZqjRgU8,Berba PT,0.773,1.0,0.757,0.0448,../mp3songs/SCHRANZ_2024_/Feel the Energy Rush.mp3,techno,"[0, 0, 0, 0, 0, 0, 0, 1, 0, 0, 0]"
techno,7eHwRfpOMuDaNSDXJjzL04,Chaos - Rave Mix,3IFgjVPT8yeB4UnJCWOpZA,Teenage Mutants,0.655,0.856,0.0493,0.342,../mp3songs/TECHNO_BUNKER/Chaos - Rave Mix.mp3,techno,"[0, 0, 0, 0, 0, 0, 0, 0, 1, 0, 0]"
techno,0aMonkh8OKgqx1K0viRHRT,Legacy,7eILArMiTFTQf8SEh5fFHK,Sara Landry,0.518,0.884,0.0818,0.0584,../mp3songs/TECHNO_BUNKER/Legacy.mp3,techno,"[0, 0, 0, 0, 0, 0, 0, 0, 1, 0, 0]"
hard_techno,4ujGSBsaRjYUybB1dMX0MK,So Alive (VIP),"1kiZfWU37oS0pCOV7Os1Pj, 2n6aFLFLpEBs61Kfy5EX5v, 4Ybj0IqmuPWSp023XnJpCD","GRAVEDGR, OGUZ, ANGEL CANNON",0.612,0.996,0.134,0.131,../mp3songs/HARD_TECHNO/So Alive (VIP).mp3,techno,"[0, 0, 1, 0, 0, 0, 0, 0, 0, 0, 0]"
liquid_dnb,4FJXpPTkaH5GEersVyy2zd,Exhale,"56BZYfbCbGZfo1EZt3XYqn, 6aoPz3BFmcELxlTAx9xxts","Sudley, Nat Slater",0.45,0.692,0.0743,0.37,../mp3songs/Liquid_Drum_and_Bass/Exhale.mp3,dnb,"[0, 0, 0, 0, 0, 1, 0, 0, 0, 0, 0]"
liquid_dnb,0EUCCFuGKHrC2V0ls4RkFU,Higher,"2p9QfYogiem7dvEoiyIQ2N, 2dqqk5uhWz0vGITqrLSUMi","Mutual, Maria Metaxa",0.541,0.86,0.0411,0.0856,../mp3songs/Liquid_Drum_and_Bass/Higher.mp3,dnb,"[0, 0, 0, 0, 0, 1, 0, 0, 0, 0, 0]"
90s_house,7hnqJYCKZFW7vMoykaraZG,French Kiss - The Original Underground Mix,"5A16TE7083RJq3yzpdsQWs, 62ltJFdLVl9JUrdhzWqp0F","Lil' Louis, The World",0.689,0.505,0.0867,0.564,../mp3songs/90s_House_Classics/French Kiss - The Original Underground Mix.mp3,dance,"[1, 0, 0, 0, 0, 0, 0, 0, 0, 0, 0]"
neurofunk_dnb,4cmI4CAPjtMr6B3ozcAA7N,No Compromise - Lukher Remix,"0jA09tU838A2JRveNgDSGa, 75ZTmZ69JQ6CXbjGHZDZl8","Tom Finster, Lukher",0.395,0.949,0.114,0.0691,../mp3songs/Neurofunk_Drum_and_Bass/No Compromise - Lukher Remix.mp3,dnb,"[0, 0, 0, 0, 0, 0, 1, 0, 0, 0, 0]"
techno,7HZaBqoUrSJ0OTDnXQTF2u,Outside Rave,59BvsNC3EMOW499VET5PRm,Jens Lissat,0.756,0.982,0.13,0.0352,../mp3songs/TECHNO_BUNKER/Outside Rave.mp3,techno,"[0, 0, 0, 0, 0, 0, 0, 0, 1, 0, 0]"
tekkno,4EuO5zRuRSWgbnMmgkWmib,Mini Skirt - Cy_He Remix,"6SkC0MpuTbiTmj8y2Gd4Xt, 6ND9gYDNQxDCUo8NuNRr3p","NoCheats, Cy_He",0.716,0.925,0.131,0.118,../mp3songs/tekkno/Mini Skirt - Cy_He Remix.mp3,techno,"[0, 0, 0, 0, 0, 0, 0, 0, 0, 1, 0]"
schranz,7KymE1oLkGXuhqWZS5cl9t,Desire,"2kqP3BXfLgo74OpfoC9cf7, 24Hb4GKFYquK73R8mTyInu","Vendex, KLOUD",0.374,0.976,0.0908,0.306,../mp3songs/SCHRANZ_2024_/Desire.mp3,techno,"[0, 0, 0, 0, 0, 0, 0, 1, 0, 0, 0]"
groove_techno,5eh51mXe8P4O6iWRUE1iXc,Spirit Enhancer,3lJoRDjlvFXZLvSRVeM6m8,Chlär,0.66,0.999,0.0676,0.656,../mp3songs/Groove_Techno/Spirit Enhancer.mp3,techno,"[0, 0, 0, 0, 0, 0, 0, 0, 0, 0, 1]"
techno,78dLyf8klcyrmgpwgmRQlE,Melodia,6TVdVlY6irsNPkMHT2HkfD,Space 92,0.633,0.987,0.0659,0.612,../mp3songs/TECHNO_BUNKER/Melodia.mp3,techno,"[0, 0, 0, 0, 0, 0, 0, 0, 1, 0, 0]"
schranz,38LI1pFw4JvqNKlt8DFit3,Texas Bastard,3MOapFRDlfT55vNqZgf026,TRIPTYKH,0.634,0.987,0.39,0.0315,../mp3songs/SCHRANZ_2024_/Texas Bastard.mp3,techno,"[0, 0, 0, 0, 0, 0, 0, 1, 0, 0, 0]"
acid_techno,4Z086HzCQqB2M0m8jme8rY,Radiance,5Ho1vKl1Uz8bJlk4vbmvmf,Amelie Lens,0.642,0.961,0.0467,0.523,../mp3songs/ACID!_Best_Acid_Techno_Mix/Radiance.mp3,techno,"[0, 1, 0, 0, 0, 0, 0, 0, 0, 0, 0]"
jump_up_dnb,2iEJEjXrVOjRzWqqZjTH69,Sawn Off,"5AXHArSOd9lplw0Y5Qt5Eg, 21Jj10ilqD3LqxZn5rD6V5, 7Cl1dU4G44kfQAg0f69J9v","Calyx & TeeBee, Calyx, Teebee",0.639,0.885,0.0528,0.495,../mp3songs/Jump-Up_Drum_and_Bass/Sawn Off.mp3,dnb,"[0, 0, 0, 0, 1, 0, 0, 0, 0, 0, 0]"
acid_techno,1ZrdzMcvmR1s1X0iBa8fxK,Smile You're On Acid,50KydUSYhBFGorhAgUcrL5,Marie Vaunt,0.573,0.992,0.0763,0.118,../mp3songs/ACID!_Best_Acid_Techno_Mix/Smile You're On Acid.mp3,techno,"[0, 1, 0, 0, 0, 0, 0, 0, 0, 0, 0]"
techno,4MZvGawjIrPQpViMTfKb66,Prisoner,"7eILArMiTFTQf8SEh5fFHK, 02AllsoWp6Gf9O26tNXf8I","Sara Landry, Alex Farell",0.607,0.937,0.0664,0.542,../mp3songs/TECHNO_BUNKER/Prisoner.mp3,techno,"[0, 0, 0, 0, 0, 0, 0, 0, 1, 0, 0]"
90s_house,6wBMTv8yTiNh50fqTkT0JC,Everybody Everybody,6tsRo8ErXzpHk3tQeH6GBW,Black Box,0.712,0.785,0.0386,0.975,../mp3songs/90s_House_Classics/Everybody Everybody.mp3,dance,"[1, 0, 0, 0, 0, 0, 0, 0, 0, 0, 0]"
acid_techno,27NwMTcfiuwUsf5VJp6jUw,Throw This,"5FgLkieOqGXPn01dnbJp9Z, 6LwMT7S1AQrvSORZshZ9gt","T78, D72",0.584,0.994,0.132,0.318,../mp3songs/ACID!_Best_Acid_Techno_Mix/Throw This.mp3,techno,"[0, 1, 0, 0, 0, 0, 0, 0, 0, 0, 0]"
liquid_dnb,13GXo8z2wqy2B4MqDkuXiu,Be No Rain,0bxHci3JIhhKA53n8rH3tT,High Contrast,0.586,0.827,0.0481,0.238,../mp3songs/Liquid_Drum_and_Bass/Be No Rain.mp3,dnb,"[0, 0, 0, 0, 0, 1, 0, 0, 0, 0, 0]"
jump_up_dnb,71oqy1qGQq1Vlg9RGWBzyt,Round Ere,6QYdXToMo4XHnG1AnEVZYJ,K Motionz,0.623,0.965,0.129,0.633,../mp3songs/Jump-Up_Drum_and_Bass/Round Ere.mp3,dnb,"[0, 0, 0, 0, 1, 0, 0, 0, 0, 0, 0]"
jump_up_dnb,3xYNc6g16Ql18FGKPJZqUY,Airlock - Original,3XJdOCSffaRYAxlvleKUbW,Doctrine,0.458,0.977,0.325,0.641,../mp3songs/Jump-Up_Drum_and_Bass/Airlock - Original.mp3,dnb,"[0, 0, 0, 0, 1, 0, 0, 0, 0, 0, 0]"
schranz,2sTiyhJxQVd9xZ1KVkHi4q,Polyhedral Flashes,0PZ60FKerQw8ZOHYFdXcdM,DREY,0.483,0.999,0.125,0.0424,../mp3songs/SCHRANZ_2024_/Polyhedral Flashes.mp3,techno,"[0, 0, 0, 0, 0, 0, 0, 1, 0, 0, 0]"
90s_house,6vGW3d8X48CBaLdU0PQbey,Moving on Up,3lcbKPLl0ci2mKRdcP5Etf,M People,0.899,0.857,0.037,0.961,../mp3songs/90s_House_Classics/Moving on Up.mp3,dance,"[1, 0, 0, 0, 0, 0, 0, 0, 0, 0, 0]"
hardstyle,5o0RoCEFMDrQg0xy0i6t20,Groeien - Radio Edit,"123hDJRbi4KtCdBaaKNHW6, 1naX4fxuRaDFlj9tGfIUZk, 4kRCRlh1eQG31dr3fGTHKF","Paul Elstak, Dr Phunk, Joel Beukers",0.617,0.876,0.136,0.226,../mp3songs/Hardcore_Techno_Hardstyle/Groeien - Radio Edit.mp3,techno,"[0, 0, 0, 1, 0, 0, 0, 0, 0, 0, 0]"
schranz,63uqPNm9VjRij1GvVB3Bh5,Someone Said Schranz?,3V3sC6ECD51H0rgsgxGfSZ,PSP,0.572,0.96,0.21,0.216,../mp3songs/SCHRANZ_2024_/Someone Said Schranz?.mp3,techno,"[0, 0, 0, 0, 0, 0, 0, 1, 0, 0, 0]"
groove_techno,4dOW75WeTcYQrN77aESxPi,Killa Cut,3160Uht6QdGT17EECSPWAO,Alarico,0.697,0.962,0.0713,0.144,../mp3songs/Groove_Techno/Killa Cut.mp3,techno,"[0, 0, 0, 0, 0, 0, 0, 0, 0, 0, 1]"
tekkno,0rrma54TpfsGIqxJ4TmLko,Im Stich Gelassen,2Lz9H6cgFrZtpArDLQ1WE1,Maytrixx,0.767,0.647,0.0899,0.184,../mp3songs/tekkno/Im Stich Gelassen.mp3,techno,"[0, 0, 0, 0, 0, 0, 0, 0, 0, 1, 0]"
techno,4ahhbuJZwhrlsrmwBDhnes,Nasty,"2uDxGjpjAlx0drkaBZnHs7, 03LgiH4bqQvv0WQvf6grai","Franco Smith, TimiR",0.695,0.987,0.0438,0.21,../mp3songs/TECHNO_BUNKER/Nasty.mp3,techno,"[0, 0, 0, 0, 0, 0, 0, 0, 1, 0, 0]"
schranz,0XHQFsTTJCbNJTb6XWe3KE,Hardstation Anthem,48F4R0A0pk5ZPRPUsl21j5,Scott Kemix,0.74,0.967,0.25,0.219,../mp3songs/SCHRANZ_2024_/Hardstation Anthem.mp3,techno,"[0, 0, 0, 0, 0, 0, 0, 1, 0, 0, 0]"
neurofunk_dnb,4HRVvrMFXvtSnw3J3knPV1,Reflections,"2n7USVO8fO8FF8zq4kG2N1, 1gMMbPTZtOb9W3IBYl6twO","Mat Zo, OLAN",0.589,0.926,0.144,0.743,../mp3songs/Neurofunk_Drum_and_Bass/Reflections.mp3,dnb,"[0, 0, 0, 0, 0, 0, 1, 0, 0, 0, 0]"
90s_house,2PmT3D5xmvVzZCf11L2ifX,I Can't Kick This Feeling When It Hits,6pohviZSNRueSX7uNu63ZX,Moodymann,0.686,0.634,0.056,0.0783,../mp3songs/90s_House_Classics/I Can't Kick This Feeling When It Hits.mp3,dance,"[1, 0, 0, 0, 0, 0, 0, 0, 0, 0, 0]"
neurofunk_dnb,572DSicAmk20CgimirtH9X,Two Fang,42EZt9LfgsaF0WHlDC3FoM,Spor,0.483,0.915,0.247,0.396,../mp3songs/Neurofunk_Drum_and_Bass/Two Fang.mp3,dnb,"[0, 0, 0, 0, 0, 0, 1, 0, 0, 0, 0]"
acid_techno,216VaEa5u8Z90Ql8WrySsZ,Plan of Escape,4qG1qjeHfkASTdyRGbLWbV,FJAAK,0.621,0.925,0.0415,0.0369,../mp3songs/ACID!_Best_Acid_Techno_Mix/Plan of Escape.mp3,techno,"[0, 1, 0, 0, 0, 0, 0, 0, 0, 0, 0]"
jump_up_dnb,6MCVUm6LC2aLsFJ68b7dEQ,Control,2yJbiseBZFvrCK5GueLnk7,Tsuki,0.517,0.975,0.426,0.798,../mp3songs/Jump-Up_Drum_and_Bass/Control.mp3,dnb,"[0, 0, 0, 0, 1, 0, 0, 0, 0, 0, 0]"
jump_up_dnb,2eEU7J65q3D6avSs6Li4AV,Badman Sound,21VZgcYa29ZVvRQzmUNakx,Phibes,0.639,0.824,0.146,0.565,../mp3songs/Jump-Up_Drum_and_Bass/Badman Sound.mp3,dnb,"[0, 0, 0, 0, 1, 0, 0, 0, 0, 0, 0]"
techno,7qMTqzmYW9FDZg6184Fs4n,Give It Up,"1btv9qmIpbp7q1ixCYNdHu, 6i3dwduFX5pMgkijTVRvmX, 5Aw0IGM5JS3FuTgtRsDWGA","Adam Beyer, The Good Men, Chocolate Puma",0.658,0.988,0.0813,0.571,../mp3songs/TECHNO_BUNKER/Give It Up.mp3,techno,"[0, 0, 0, 0, 0, 0, 0, 0, 1, 0, 0]"
hard_techno,57jPBMXfekRbUnSJ0IiRsp,3AM In Berlin,02AllsoWp6Gf9O26tNXf8I,Alex Farell,0.493,0.989,0.0796,0.0358,../mp3songs/HARD_TECHNO/3AM In Berlin.mp3,techno,"[0, 0, 1, 0, 0, 0, 0, 0, 0, 0, 0]"
90s_house,0TN9m8rp3ZuNi4JwCKSans,U Don't Know Me (feat. Duane Harden),"3cQA9WH8liZfeja1DxcDYE, 6t8VAB5OTHKxi4p1I5aqn0","Armand Van Helden, Duane Harden",0.742,0.756,0.0825,0.81,../mp3songs/90s_House_Classics/U Don't Know Me (feat. Duane Harden).mp3,dance,"[1, 0, 0, 0, 0, 0, 0, 0, 0, 0, 0]"
acid_techno,0cwMgUiZ3AMIbSBdWKUGmR,Obey,50KydUSYhBFGorhAgUcrL5,Marie Vaunt,0.63,0.993,0.0675,0.278,../mp3songs/ACID!_Best_Acid_Techno_Mix/Obey.mp3,techno,"[0, 1, 0, 0, 0, 0, 0, 0, 0, 0, 0]"
hardstyle,2Xw9nJ8YyJ3TEKfHOlGyZX,Somebody Like Me (Mark With a K Remix),"4bi8SmsdSp5AoD6RFZjyjW, 4OPaH4YIqua9DUnI7t0fOQ","Xillions, Mark With a K",0.522,0.942,0.0498,0.305,../mp3songs/Hardcore_Techno_Hardstyle/Somebody Like Me (Mark With a K Remix).mp3,techno,"[0, 0, 0, 1, 0, 0, 0, 0, 0, 0, 0]"
techno,2qJvo0PQfsR3DGsWXYqvmo,I'm From Holland,0RMeG9M8QFzss9bAbq99KA,Maddix,0.682,0.977,0.0841,0.156,../mp3songs/TECHNO_BUNKER/I'm From Holland.mp3,techno,"[0, 0, 0, 0, 0, 0, 0, 0, 1, 0, 0]"
90s_house,3kdJEtRfy0SMVMyuwU8KJs,Trouble,1t6dTIhZsZgxGUHycTVnDZ,Joi Cardwell,0.62,0.847,0.0759,0.434,../mp3songs/90s_House_Classics/Trouble.mp3,dance,"[1, 0, 0, 0, 0, 0, 0, 0, 0, 0, 0]"
techno,1KMru1wRFP6Qhi2jjjQfSb,Feeling,"2jvTYwyzxK1FVYGEoKfZLQ, 4JM9MtRRutmQVooyHnFTD1","Cosmic Boys, Charles D (USA)",0.597,0.989,0.0473,0.434,../mp3songs/TECHNO_BUNKER/Feeling.mp3,techno,"[0, 0, 0, 0, 0, 0, 0, 0, 1, 0, 0]"
schranz,4SoXHqnSNOJD31twXA01Zj,Unholy Betrayal,1J0JESP0VUhLs4zYm62l5Q,Drakk,0.566,0.999,0.145,0.264,../mp3songs/SCHRANZ_2024_/Unholy Betrayal.mp3,techno,"[0, 0, 0, 0, 0, 0, 0, 1, 0, 0, 0]"
tekkno,7s3SFLkhBpmqaOnKWXryw2,Herr Locher,66GQqVO1U8zhksXsdgTfhD,Thekke,0.779,0.743,0.187,0.0964,../mp3songs/tekkno/Herr Locher.mp3,techno,"[0, 0, 0, 0, 0, 0, 0, 0, 0, 1, 0]"
groove_techno,15bRI3ASwq3yopUdL2u5U4,Shook Ones,3160Uht6QdGT17EECSPWAO,Alarico,0.693,0.854,0.0634,0.259,../mp3songs/Groove_Techno/Shook Ones.mp3,techno,"[0, 0, 0, 0, 0, 0, 0, 0, 0, 0, 1]"
hardstyle,6Syoygf65ZtZJCWkVENc1G,Icon - Radio Edit,"123hDJRbi4KtCdBaaKNHW6, 2AfGElfjqXuSyUny7dsj9p, 07E7avQ9K8W8Gr6BCx8aU9","Paul Elstak, Neophyte, Alee",0.475,0.911,0.0301,0.24,../mp3songs/Hardcore_Techno_Hardstyle/Icon - Radio Edit.mp3,techno,"[0, 0, 0, 1, 0, 0, 0, 0, 0, 0, 0]"
tekkno,687orBcQL4XP0Dnplk4POn,Gefühl von Schön,7cz1L007Cf3PCyhgejVnHY,Cracky Koksberg,0.567,0.804,0.0742,0.455,../mp3songs/tekkno/Gefühl von Schön.mp3,techno,"[0, 0, 0, 0, 0, 0, 0, 0, 0, 1, 0]"
jump_up_dnb,0sXmGPnlKBSaG9IqykQ2vL,On A Rampage - VIP Mix,"501MfkAIop4dRLvOqjlMHl, 3XJdOCSffaRYAxlvleKUbW, 38wGnQ9uC7XyV0TFHaEiO4","Murdock, Doctrine, VIP",0.702,0.872,0.232,0.102,../mp3songs/Jump-Up_Drum_and_Bass/On A Rampage - VIP Mix.mp3,dnb,"[0, 0, 0, 0, 1, 0, 0, 0, 0, 0, 0]"
tekkno,6ea3qTtGis3MoihEfrvETw,Rote Rakete,"4OWNHq6tL2TBSQgyzeu2Tw, 3ipwAlhwf1WC7DhDwpsqdw","Sitte, Eric Hardtekk",0.572,0.954,0.223,0.302,../mp3songs/tekkno/Rote Rakete.mp3,techno,"[0, 0, 0, 0, 0, 0, 0, 0, 0, 1, 0]"
techno,2IqFYZ4Vocia7PmzEZh67r,Escape From Planet Monday,"5lVNSw2GPci8kebrAQpZqU, 4bd80C9zdBA4vYZEJv7C4s, 2V431yZGG08uroH2CZAgur","Eli Brown, LUSU, Sarah de Warren",0.679,0.992,0.144,0.332,../mp3songs/TECHNO_BUNKER/Escape From Planet Monday.mp3,techno,"[0, 0, 0, 0, 0, 0, 0, 0, 1, 0, 0]"
jump_up_dnb,3E2ok61aTqjC6lClLvXZM1,Typhoon,1tSiIyp5dxfbEaS0nZGMEl,Basstripper,0.669,0.936,0.0789,0.619,../mp3songs/Jump-Up_Drum_and_Bass/Typhoon.mp3,dnb,"[0, 0, 0, 0, 1, 0, 0, 0, 0, 0, 0]"
techno,6X46ChKJJ1806YyCKcU1vq,Flow With Me,7MFugZiuQp41w92SA0zsG1,Metodi Hristov,0.611,0.88,0.0602,0.0758,../mp3songs/TECHNO_BUNKER/Flow With Me.mp3,techno,"[0, 0, 0, 0, 0, 0, 0, 0, 1, 0, 0]"
jump_up_dnb,1tiqZnaU8Od1dLSlDQuMqt,Let Me Go,22I9QWygJ2IfxR855VsA3t,Hedex,0.498,0.861,0.419,0.518,../mp3songs/Jump-Up_Drum_and_Bass/Let Me Go.mp3,dnb,"[0, 0, 0, 0, 1, 0, 0, 0, 0, 0, 0]"
hard_techno,2lRq3iCUdkORaTy12Z1koT,Crave,4QualaVaoF8vYnpJ5o8Pw6,Doruksen,0.612,1.0,0.156,0.0306,../mp3songs/HARD_TECHNO/Crave.mp3,techno,"[0, 0, 1, 0, 0, 0, 0, 0, 0, 0, 0]"
hard_techno,2Lk33v2irG9bnIgqH0cG8I,Listen To My Acid,6fjhNhp9IoeiZpEXq9AT2S,Nico Moreno,0.649,0.994,0.108,0.0346,../mp3songs/HARD_TECHNO/Listen To My Acid.mp3,techno,"[0, 0, 1, 0, 0, 0, 0, 0, 0, 0, 0]"
liquid_dnb,5BAeugjmBRsjlVK9pxX4kc,Satisfy My Soul,"24eQxPRLv3UMwEIo6mawVW, 022EiWsch2zvty0qBUksDO","Halogenix, Liam Bailey",0.512,0.89,0.796,0.0969,../mp3songs/Liquid_Drum_and_Bass/Satisfy My Soul.mp3,dnb,"[0, 0, 0, 0, 0, 1, 0, 0, 0, 0, 0]"
hardstyle,2PVqPbRv7mlCp2JYzDeMsc,Rainbow In The Sky - K & A's Radio Blast,123hDJRbi4KtCdBaaKNHW6,Paul Elstak,0.475,0.941,0.0345,0.262,../mp3songs/Hardcore_Techno_Hardstyle/Rainbow In The Sky - K & A's Radio Blast.mp3,techno,"[0, 0, 0, 1, 0, 0, 0, 0, 0, 0, 0]"
acid_techno,0AebWDXqgiFwqczWRKt2kP,Greater Purpose,"3jcvzSheHd14vjraXHLGPN, 2CEWXoABoT26HwBxv9Rfgl","Belocca, IZREAL",0.718,0.986,0.052,0.342,../mp3songs/ACID!_Best_Acid_Techno_Mix/Greater Purpose.mp3,techno,"[0, 1, 0, 0, 0, 0, 0, 0, 0, 0, 0]"
hardstyle,17DnHWO0WESaZzVcF6NapL,It's Called XTC,"4RbUYWWjEBb4umwqakOEd3, 0Ldjd0Z66CJ0rChWXx0jzB","Dr. Peacock, Billx",0.623,0.988,0.102,0.392,../mp3songs/Hardcore_Techno_Hardstyle/It's Called XTC.mp3,techno,"[0, 0, 0, 1, 0, 0, 0, 0, 0, 0, 0]"
hard_techno,3vDinFBFhPsTykopZhZuoi,STAY AWAY,1k0U51DXyjFk4YnLZUIMP9,6EJOU,0.528,0.979,0.1,0.168,../mp3songs/HARD_TECHNO/STAY AWAY.mp3,techno,"[0, 0, 1, 0, 0, 0, 0, 0, 0, 0, 0]"
schranz,5rUO6zydCM8cYwJMzCPK1K,Demolition Man,12g8oO9UggU3vxTYUTH7oO,Sandro Mure,0.572,0.935,0.0448,0.218,../mp3songs/SCHRANZ_2024_/Demolition Man.mp3,techno,"[0, 0, 0, 0, 0, 0, 0, 1, 0, 0, 0]"
groove_techno,3n0rE5Xnlc00kdnNE0YymY,Window - Nicolas Vogler Fast Mix,"1u59iCZW9quBysEErcQuuG, 4d8pj7EDYvxiQK1RsmNmVu","DJ Prim, Nicolas Vogler",0.748,0.938,0.0826,0.583,../mp3songs/Groove_Techno/Window - Nicolas Vogler Fast Mix.mp3,techno,"[0, 0, 0, 0, 0, 0, 0, 0, 0, 0, 1]"
hard_techno,2gPgg1kOJ3LJZQwwKVCRhh,Real Lies,0bMxsn0N2APrVga72XmQJ4,APHØTIC,0.619,0.998,0.0509,0.498,../mp3songs/HARD_TECHNO/Real Lies.mp3,techno,"[0, 0, 1, 0, 0, 0, 0, 0, 0, 0, 0]"
tekkno,6v4rgvGfZ4HaktNKPfdq8Z,Gestolen Dans,1VUJKr3KhxYKehVyXUZ8c8,Verzetsstrijder,0.549,0.957,0.194,0.402,../mp3songs/tekkno/Gestolen Dans.mp3,techno,"[0, 0, 0, 0, 0, 0, 0, 0, 0, 1, 0]"
jump_up_dnb,310HzOvQjplNN4P2eUA0up,The Slasher,2yJbiseBZFvrCK5GueLnk7,Tsuki,0.7,0.942,0.124,0.468,../mp3songs/Jump-Up_Drum_and_Bass/The Slasher.mp3,dnb,"[0, 0, 0, 0, 1, 0, 0, 0, 0, 0, 0]"
schranz,4LsYdWDeumtYjMndQVcA94,Toter Schmetterling,"6H77vD9YyhyxHBTkRpbMBk, 0mgoNP0DrkKktInN298H4u","Klangkuenstler, Sant",0.627,0.931,0.48,0.119,../mp3songs/SCHRANZ_2024_/Toter Schmetterling.mp3,techno,"[0, 0, 0, 0, 0, 0, 0, 1, 0, 0, 0]"
hard_techno,2nMMR3I4OkCx2bXSEenuHB,Paro Hour,3YMs2NjzmU8oc5muj4LxgL,Luciid,0.709,0.938,0.175,0.0458,../mp3songs/HARD_TECHNO/Paro Hour.mp3,techno,"[0, 0, 1, 0, 0, 0, 0, 0, 0, 0, 0]"
acid_techno,32eYyx0kKqsgZkMthhdZWo,Pounding Night,4x3FMOF0ulR4kFBdanXmNV,Andrej Meyer,0.646,0.861,0.0576,0.171,../mp3songs/ACID!_Best_Acid_Techno_Mix/Pounding Night.mp3,techno,"[0, 1, 0, 0, 0, 0, 0, 0, 0, 0, 0]"
hardstyle,2dmm1os6bkMtHsn8Ei7PMI,Cummin on Ur Face,"4OoHneMX97SjUXKWgsyrP4, 7zKk52i6Ad4So5HltHRPa9","GPF, MC Jeff",0.666,0.958,0.0807,0.0631,../mp3songs/Hardcore_Techno_Hardstyle/Cummin on Ur Face.mp3,techno,"[0, 0, 0, 1, 0, 0, 0, 0, 0, 0, 0]"
tekkno,2edvk8HgOTUFX7pyBDX1tk,Porzellanzähne,2iElooMfZXTC3kkoNz9tRN,Actek,0.88,0.99,0.198,0.627,../mp3songs/tekkno/Porzellanzähne.mp3,techno,"[0, 0, 0, 0, 0, 0, 0, 0, 0, 1, 0]"
tekkno,3XbWPlV7jY3ldjdHL1S2Sp,Maschinen Terror,"3Rdg7tfjdCB05Gce6Kj4j3, 7hQnYsIbhuSDXyUCpnedZj","Hardtekk Channel, Ace-ton",0.566,0.864,0.0449,0.234,../mp3songs/tekkno/Maschinen Terror.mp3,techno,"[0, 0, 0, 0, 0, 0, 0, 0, 0, 1, 0]"
schranz,23Z08nRmrVB76agod1K8xG,Drop! - Original Mix,7aduJdjVqq0HB0NKxxLewT,Noemi Black,0.54,0.999,0.0753,0.225,../mp3songs/SCHRANZ_2024_/Drop! - Original Mix.mp3,techno,"[0, 0, 0, 0, 0, 0, 0, 1, 0, 0, 0]"
hardstyle,1It7uqnXBxEqUpge0d2D7O,Louder,"1x0ScxgiyFRQDKT4VwcLHa, 123hDJRbi4KtCdBaaKNHW6, 336uo4pepsX5ZYL65HzWLO","LNY TNZ, Paul Elstak, Mc Ruffian",0.554,0.953,0.0752,0.693,../mp3songs/Hardcore_Techno_Hardstyle/Louder.mp3,techno,"[0, 0, 0, 1, 0, 0, 0, 0, 0, 0, 0]"
jump_up_dnb,2umTrcMcN528o2ye7X57yl,Minions,"3tqP8M8g7a6J3YSllyuqxE, 5MGgLwsKBivm7H5lJn5xRu","Arnone, Mollie Collins",0.661,0.886,0.0509,0.48,../mp3songs/Jump-Up_Drum_and_Bass/Minions.mp3,dnb,"[0, 0, 0, 0, 1, 0, 0, 0, 0, 0, 0]"
tekkno,3I2FDCTgAwv51fHtDqOphp,Tante Emma,66GQqVO1U8zhksXsdgTfhD,Thekke,0.807,0.92,0.0509,0.601,../mp3songs/tekkno/Tante Emma.mp3,techno,"[0, 0, 0, 0, 0, 0, 0, 0, 0, 1, 0]"
neurofunk_dnb,6GM93QLita5nZknl6G2s4M,Concussion - Mefjus Remix,"4YWj8sohRDjL9deiuRvEEY, 54qqaSH6byJIb8eFWxe3Pj","Noisia, Mefjus",0.607,0.98,0.25,0.396,../mp3songs/Neurofunk_Drum_and_Bass/Concussion - Mefjus Remix.mp3,dnb,"[0, 0, 0, 0, 0, 0, 1, 0, 0, 0, 0]"
jump_up_dnb,6QkgBMYK65ePT4cwLtwuVp,Style and Pattern,"2NulB6PgEgcSAtoDaRjSEY, 0MCjjfN9OLfm2dpby7kwBU","M Dot R, Shabba D",0.632,0.936,0.3,0.366,../mp3songs/Jump-Up_Drum_and_Bass/Style and Pattern.mp3,dnb,"[0, 0, 0, 0, 1, 0, 0, 0, 0, 0, 0]"
schranz,60l4uYVIN9ScI1vfjxUmXA,Ravers Dont Want Redemption - Withecker Remix,"6qAF25nAFjQalhuWfwI7Ii, 56TJVv8Jz2ofH1yaYLlqCE","CRØ, Withecker",0.599,0.998,0.216,0.069,../mp3songs/SCHRANZ_2024_/Ravers Dont Want Redemption - Withecker Remix.mp3,techno,"[0, 0, 0, 0, 0, 0, 0, 1, 0, 0, 0]"
jump_up_dnb,26oU7jk019nkdSSzcclM4r,Do Your Thang - VIP,4D6frglSGSAHoK7W5rp92j,Subsonic,0.722,0.936,0.0773,0.632,../mp3songs/Jump-Up_Drum_and_Bass/Do Your Thang - VIP.mp3,dnb,"[0, 0, 0, 0, 1, 0, 0, 0, 0, 0, 0]"
groove_techno,3q9o2XeYI1DJExRZA7ifmS,Sounds from the Past II,50lWJNqkiXbArrMgzeBBr9,Lars Huismann,0.754,0.99,0.0404,0.39,../mp3songs/Groove_Techno/Sounds from the Past II.mp3,techno,"[0, 0, 0, 0, 0, 0, 0, 0, 0, 0, 1]"
hardstyle,6LQVK3SpQ8HhcshNDBABig,Heartcore,7jp5R1aY7kmwBYX3jIu9yk,Jebroer,0.61,0.973,0.0515,0.465,../mp3songs/Hardcore_Techno_Hardstyle/Heartcore.mp3,techno,"[0, 0, 0, 1, 0, 0, 0, 0, 0, 0, 0]"
jump_up_dnb,7yGVdewc0VRmAMdKH0HwEL,Lady Killaz,1h8wkWuZQKyDiwbLogtoL0,Mozey,0.735,0.957,0.143,0.732,../mp3songs/Jump-Up_Drum_and_Bass/Lady Killaz.mp3,dnb,"[0, 0, 0, 0, 1, 0, 0, 0, 0, 0, 0]"
hard_techno,4HcjdZLmmsU1jhUzxw93dr,Direct It To The Roof - RIOT CODE Remix,"1Ujj9Jh1Z4tDJ4j6qGRml8, 014MCldxKfmqOwFhWcTmwo","AZYR, RIOT CODE",0.568,0.991,0.144,0.221,../mp3songs/HARD_TECHNO/Direct It To The Roof - RIOT CODE Remix.mp3,techno,"[0, 0, 1, 0, 0, 0, 0, 0, 0, 0, 0]"
tekkno,0L0kAfM5LCWm0OGhEBrd5x,Mein Freund Meik,66GQqVO1U8zhksXsdgTfhD,Thekke,0.612,0.921,0.0861,0.29,../mp3songs/tekkno/Mein Freund Meik.mp3,techno,"[0, 0, 0, 0, 0, 0, 0, 0, 0, 1, 0]"
techno,1FubT3w22RMHC3vreAL7cH,Roar,1lJhME1ZpzsEa5M0wW6Mso,Charlotte de Witte,0.752,0.858,0.0757,0.262,../mp3songs/TECHNO_BUNKER/Roar.mp3,techno,"[0, 0, 0, 0, 0, 0, 0, 0, 1, 0, 0]"
hardstyle,5gvOmg1u7B3WxBjbHMd4lK,Radioactive,"1wuQQfTDZhgNb4GJyhThUs, 4OPaH4YIqua9DUnI7t0fOQ, 4L1laVKEoqZUStgFHylyDa, 5NUaGHWxd57phABMyucacm","Warface, Mark With a K, Jasmine McGuiness, DV8 Rocks!",0.561,0.892,0.145,0.0742,../mp3songs/Hardcore_Techno_Hardstyle/Radioactive.mp3,techno,"[0, 0, 0, 1, 0, 0, 0, 0, 0, 0, 0]"
acid_techno,2TDWkV8E75c23GPw9B1Td2,Don't Flex,40JyDxGqtYSowWYT2jaive,Alan Fitzpatrick,0.84,0.946,0.158,0.0482,../mp3songs/ACID!_Best_Acid_Techno_Mix/Don't Flex.mp3,techno,"[0, 1, 0, 0, 0, 0, 0, 0, 0, 0, 0]"
schranz,3Q1Oh4ZmlM40jPdtkvl5LE,FIRE IN THE BOOTH,"4f1He8bxNYKr00NVwjtiWG, 2RiC3YaPSftsTmnZdDCtE0","BAIRD, Skoden",0.662,0.953,0.102,0.0392,../mp3songs/SCHRANZ_2024_/FIRE IN THE BOOTH.mp3,techno,"[0, 0, 0, 0, 0, 0, 0, 1, 0, 0, 0]"
hard_techno,2asSqmR3KgJLbZjz08NMHU,Crowd Control,41GRjz5PGO2O66R6aHLVhm,OMAKS,0.684,0.991,0.122,0.61,../mp3songs/HARD_TECHNO/Crowd Control.mp3,techno,"[0, 0, 1, 0, 0, 0, 0, 0, 0, 0, 0]"
acid_techno,474WWoK39G1e61eCBolDI2,Together - Acid Rave Version,0MnbWZjm9z5LJewMuB7s5X,Camea,0.558,0.922,0.0438,0.0517,../mp3songs/ACID!_Best_Acid_Techno_Mix/Together - Acid Rave Version.mp3,techno,"[0, 1, 0, 0, 0, 0, 0, 0, 0, 0, 0]"
neurofunk_dnb,4199wNh5vEjgYuRJ2zAsk8,After All,"6t8zNT4dr6fv5nKFrsnH9h, 3Y43xMeiPftAookVOSKu1Y","MEL, Gid Sedgwick",0.512,0.901,0.0553,0.113,../mp3songs/Neurofunk_Drum_and_Bass/After All.mp3,dnb,"[0, 0, 0, 0, 0, 0, 1, 0, 0, 0, 0]"
acid_techno,1aR3XDuJI9P49QE7Krh4bV,You and Me,679xKCdF1dBRH0gGgZfcCC,Kaspar,0.734,0.998,0.0676,0.149,../mp3songs/ACID!_Best_Acid_Techno_Mix/You and Me.mp3,techno,"[0, 1, 0, 0, 0, 0, 0, 0, 0, 0, 0]"
liquid_dnb,1XBBDRJkw5eQOS7uz3pG3z,Jealousy,0qpokmnvq1MOYl954iVq7x,Emperor,0.622,0.826,0.0659,0.254,../mp3songs/Liquid_Drum_and_Bass/Jealousy.mp3,dnb,"[0, 0, 0, 0, 0, 1, 0, 0, 0, 0, 0]"
tekkno,6TOTcAaGe5WJTTeb2u8qvt,Bla Bla Hard,3nnF5ol598jvBGSwnMzQtD,Fast Rage,0.696,0.945,0.195,0.661,../mp3songs/tekkno/Bla Bla Hard.mp3,techno,"[0, 0, 0, 0, 0, 0, 0, 0, 0, 1, 0]"
techno,1YB65Lo727ADbfvuFax3Fe,Latin Lovers - Joyhauser Remix,"2xeHjPrS4EnEUIXHV9pkeg, 59a1Bp0JQfL2mGnpL0lW2Y","Monika Kruse, Joyhauser",0.643,0.983,0.0561,0.383,../mp3songs/TECHNO_BUNKER/Latin Lovers - Joyhauser Remix.mp3,techno,"[0, 0, 0, 0, 0, 0, 0, 0, 1, 0, 0]"
neurofunk_dnb,2QNhQiUiQcqjqv1AXYDCBZ,Dopamine Hits,"54qqaSH6byJIb8eFWxe3Pj, 6iwQ21ctUhnKozPAQx6zyC","Mefjus, Maksim MC",0.531,0.986,0.395,0.428,../mp3songs/Neurofunk_Drum_and_Bass/Dopamine Hits.mp3,dnb,"[0, 0, 0, 0, 0, 0, 1, 0, 0, 0, 0]"
hard_techno,1hHV40TOnHtOMCSjbTJhq9,RED BUNKER,1k0U51DXyjFk4YnLZUIMP9,6EJOU,0.537,0.999,0.0529,0.382,../mp3songs/HARD_TECHNO/RED BUNKER.mp3,techno,"[0, 0, 1, 0, 0, 0, 0, 0, 0, 0, 0]"
groove_techno,23gwZowmBlk8JmwWr0ZqcP,Nocturnal Animals,7vRc0koYRGI3t6EUHS6uza,Lasse,0.748,0.972,0.0756,0.52,../mp3songs/Groove_Techno/Nocturnal Animals.mp3,techno,"[0, 0, 0, 0, 0, 0, 0, 0, 0, 0, 1]"
hardstyle,4EncVGXlw9yTuaPXMRLTw1,Vaderland,"0aKXalHKVzkLJ6aeUY3HMf, 7jp5R1aY7kmwBYX3jIu9yk, 3Lu9zTGOtzT2MZpfxdaHJv","Outsiders, Jebroer, The Darkraver",0.442,0.891,0.0619,0.273,../mp3songs/Hardcore_Techno_Hardstyle/Vaderland.mp3,techno,"[0, 0, 0, 1, 0, 0, 0, 0, 0, 0, 0]"
hardstyle,1Othclu13izG3c1oFKbbMJ,Leven Voor De Rave,"0aKXalHKVzkLJ6aeUY3HMf, 2dQgOfBP52UwjegY8FwJAY, 2ylIKKdMukkuprCgY4ZDFE","Outsiders, The Partysquad, Donnie",0.576,0.936,0.0711,0.655,../mp3songs/Hardcore_Techno_Hardstyle/Leven Voor De Rave.mp3,techno,"[0, 0, 0, 1, 0, 0, 0, 0, 0, 0, 0]"
90s_house,3U6w4KTpZm7jhqmGJEzRW5,Love Come Down - Club Vocal Mix,0ELXBCSsRl2m92MgnOsA69,Alison Limerick,0.671,0.829,0.04,0.743,../mp3songs/90s_House_Classics/Love Come Down - Club Vocal Mix.mp3,dance,"[1, 0, 0, 0, 0, 0, 0, 0, 0, 0, 0]"
90s_house,78F73J161TlcsWC7JckBZi,How Do I Let Go,"0MGTHZpAGf7isSfw8yMIoi, 0bDOIlJ0JD5pIKym4tvSNq","Dennis Ferrer, K.T. Brooks",0.823,0.866,0.0386,0.985,../mp3songs/90s_House_Classics/How Do I Let Go.mp3,dance,"[1, 0, 0, 0, 0, 0, 0, 0, 0, 0, 0]"
jump_up_dnb,7eXffr0Q7AXWWjFOJ51IBp,Popular - Friction Remix,"1j95lMtVC9QwnVbifoVy60, 5xdizdgbQQvGAgAolGhpXr","Upgrade (UK), Friction",0.489,0.938,0.112,0.462,../mp3songs/Jump-Up_Drum_and_Bass/Popular - Friction Remix.mp3,dnb,"[0, 0, 0, 0, 1, 0, 0, 0, 0, 0, 0]"
techno,5Tvlqx7h4uLLRkr5EILrnt,Takata,6ArtT03Hv9H55Y3EVa7d2V,The Rocketman,0.596,0.991,0.0576,0.374,../mp3songs/TECHNO_BUNKER/Takata.mp3,techno,"[0, 0, 0, 0, 0, 0, 0, 0, 1, 0, 0]"
90s_house,4h4AEqy0iBbjdlbtWvIx5O,Get Get Down,4BqZuFqHJ8CLn3ig0f1m0G,Paul Johnson,0.879,0.95,0.0746,0.615,../mp3songs/90s_House_Classics/Get Get Down.mp3,dance,"[1, 0, 0, 0, 0, 0, 0, 0, 0, 0, 0]"
techno,4ttnKIB1B7h4fitjbsNyNE,Bahrain,7t6VUymL8RQKVqKQW9VTLl,A.D.H.S.,0.582,0.964,0.0434,0.347,../mp3songs/TECHNO_BUNKER/Bahrain.mp3,techno,"[0, 0, 0, 0, 0, 0, 0, 0, 1, 0, 0]"
hard_techno,0Nn6WE6QIKaevIXZh2qdCF,Obsession,5llw3jYyaK1eBCYkbrjcGX,Rian Wood,0.625,0.955,0.0462,0.0498,../mp3songs/HARD_TECHNO/Obsession.mp3,techno,"[0, 0, 1, 0, 0, 0, 0, 0, 0, 0, 0]"
hardstyle,6jzqY97VGs6UqEhAVOuGRz,Our Church,"6C0KWmCdqrLU2LzzWBPbOy, 4f0OXMMSxr0r8Ztx6CdpAl","Headhunterz, Sub Zero Project",0.477,0.957,0.26,0.117,../mp3songs/Hardcore_Techno_Hardstyle/Our Church.mp3,techno,"[0, 0, 0, 1, 0, 0, 0, 0, 0, 0, 0]"
techno,4EMEqHr2OoobVApJlz4sV2,ENERGY,0xgdNNa5mIbnJKp8AG8S4z,Victor Ruiz,0.642,0.982,0.054,0.305,../mp3songs/TECHNO_BUNKER/ENERGY.mp3,techno,"[0, 0, 0, 0, 0, 0, 0, 0, 1, 0, 0]"
hard_techno,2FyJOVgdKNOQMF8zFxgCPN,Crying in your sleep,4Rat60SKnFgSivmiwMh25U,Raxeller,0.639,0.988,0.0471,0.308,../mp3songs/HARD_TECHNO/Crying in your sleep.mp3,techno,"[0, 0, 1, 0, 0, 0, 0, 0, 0, 0, 0]"
hardstyle,3EVGndtCHoHq9kherxuhT2,Leven Na De Dood,"7jp5R1aY7kmwBYX3jIu9yk, 1naX4fxuRaDFlj9tGfIUZk","Jebroer, Dr Phunk",0.591,0.876,0.0571,0.433,../mp3songs/Hardcore_Techno_Hardstyle/Leven Na De Dood.mp3,techno,"[0, 0, 0, 1, 0, 0, 0, 0, 0, 0, 0]"
90s_house,63k11xpe5cqZAIPyWgVyvL,"Make It On My Own - 12"" Club Mix","0ELXBCSsRl2m92MgnOsA69, 1w2vC8mujXXoXYTVRxJybN","Alison Limerick, Steve Anderson",0.719,0.793,0.0466,0.825,"../mp3songs/90s_House_Classics/Make It On My Own - 12"" Club Mix.mp3",dance,"[1, 0, 0, 0, 0, 0, 0, 0, 0, 0, 0]"
liquid_dnb,28bxBvsA2B8685eMYNFCIP,Green Silk,7LzWa2AUty3RU0znyhG70N,Mohican Sun,0.622,0.832,0.0539,0.351,../mp3songs/Liquid_Drum_and_Bass/Green Silk.mp3,dnb,"[0, 0, 0, 0, 0, 1, 0, 0, 0, 0, 0]"
hardstyle,6oFIyId0ncNJro5tbQrbMG,Poison Spitter (Official Snakepit 2018 Anthem),"5yirHkilaq4YSjO9BY6oy3, 7fyZZzdEhPZmZWrqrYS0tl","N-Vitral, BOMBSQUAD",0.364,0.989,0.428,0.187,../mp3songs/Hardcore_Techno_Hardstyle/Poison Spitter (Official Snakepit 2018 Anthem).mp3,techno,"[0, 0, 0, 1, 0, 0, 0, 0, 0, 0, 0]"
liquid_dnb,3yD4C30aUJEfwsVp59efPv,Your Ghosts,"1yOKWVERbo2WSQb9kcsNbH, 4ekz31MQco5FA7cpZ6N27o","Mitekiss, Breezy Lee",0.368,0.871,0.128,0.239,../mp3songs/Liquid_Drum_and_Bass/Your Ghosts.mp3,dnb,"[0, 0, 0, 0, 0, 1, 0, 0, 0, 0, 0]"
neurofunk_dnb,4n0bY7nhHGiT1wQMC0KRPb,Shift,"4YWj8sohRDjL9deiuRvEEY, 5Y7rFm0tiJTVDzGLMzz0W1","Noisia, IMANU",0.519,0.935,0.281,0.142,../mp3songs/Neurofunk_Drum_and_Bass/Shift.mp3,dnb,"[0, 0, 0, 0, 0, 0, 1, 0, 0, 0, 0]"
groove_techno,4w0iPMOwVPsaglKwiyEWcG,Newkeys,"0h3LDqJWxHfdM76kVnfGcY, 1WKrzlDOV5WrA9eACq8VRi","CRAVO, VIL",0.728,0.992,0.0696,0.23,../mp3songs/Groove_Techno/Newkeys.mp3,techno,"[0, 0, 0, 0, 0, 0, 0, 0, 0, 0, 1]"
90s_house,1VLEbclmTbYS9Rdp1b90Yf,Move Your Body,2oSihaE9ObkcZVx2LAxySj,Xpansions,0.726,0.72,0.0448,0.659,../mp3songs/90s_House_Classics/Move Your Body.mp3,dance,"[1, 0, 0, 0, 0, 0, 0, 0, 0, 0, 0]"
neurofunk_dnb,41JyOI4feB5z5vK6asNeo5,Miracle - REAPER Remix,"6iPbI11utXY9CVhX6SPXEg, 24kY0bUku58QhWv5WFFXaf","Nitepunk, REAPER",0.417,0.89,0.153,0.26,../mp3songs/Neurofunk_Drum_and_Bass/Miracle - REAPER Remix.mp3,dnb,"[0, 0, 0, 0, 0, 0, 1, 0, 0, 0, 0]"
tekkno,14PvbyxEL9KNo46623040b,165Er Zahnfleischbluten,"3Rdg7tfjdCB05Gce6Kj4j3, 76DXZBHlzM53VtRtKMM4HW","Hardtekk Channel, Der Beschrenkte",0.823,0.521,0.443,0.545,../mp3songs/tekkno/165Er Zahnfleischbluten.mp3,techno,"[0, 0, 0, 0, 0, 0, 0, 0, 0, 1, 0]"
hardstyle,4nygk9SPix4TK66NwwqDIn,Ravelord - DJ Paul Elstak Radio Edit Hardcore Remix,"1x0ScxgiyFRQDKT4VwcLHa, 6VLbBprPd6RRXgk4NHJNE0, 3xhksfxjNLUAyxUdijvk4x, 1A6HQzOvtGaCYihOuIKjE6","LNY TNZ, Boaz, Kalibwoy, Mr. Polska",0.535,0.976,0.106,0.356,../mp3songs/Hardcore_Techno_Hardstyle/Ravelord - DJ Paul Elstak Radio Edit Hardcore Remix.mp3,techno,"[0, 0, 0, 1, 0, 0, 0, 0, 0, 0, 0]"
schranz,23T94F3g9piKJLnpLZVI8a,Haymaker,7er0v3R1lvqK7w7DG33Dxv,ÖTAK,0.622,0.982,0.0992,0.0399,../mp3songs/SCHRANZ_2024_/Haymaker.mp3,techno,"[0, 0, 0, 0, 0, 0, 0, 1, 0, 0, 0]"
liquid_dnb,5A8kYMHBcCrpSJSr8YLRoC,Never Too High,"3wdwWQXJbqpJJbMdp7KfEJ, 4jrJBSg0c2qx8SMGa7ququ","BCee, SOLAH",0.616,0.799,0.0466,0.768,../mp3songs/Liquid_Drum_and_Bass/Never Too High.mp3,dnb,"[0, 0, 0, 0, 0, 1, 0, 0, 0, 0, 0]"
liquid_dnb,5hYP2vOSIzr181B8ZBu76c,Falling,"2T0O5j4GMBDmAd8OaEA2UX, 5U6Sk42bhrMIPhr11xtRPq","YAANO, Skylark",0.538,0.856,0.0863,0.0709,../mp3songs/Liquid_Drum_and_Bass/Falling.mp3,dnb,"[0, 0, 0, 0, 0, 1, 0, 0, 0, 0, 0]"
schranz,3TEWNK2FQVxS2gDc8mmdnv,Wake The Fxck Up,2xM3AU6QsIrvhlo5wqYr4M,Sinergy,0.493,1.0,0.195,0.125,../mp3songs/SCHRANZ_2024_/Wake The Fxck Up.mp3,techno,"[0, 0, 0, 0, 0, 0, 0, 1, 0, 0, 0]"
techno,4NN7PBVKclppjgszynZ9K1,Pulverturm - ANNA Rework,"6L8Co7Voup4dISwbSl3owl, 3wkaDi2HJV3eCaBJ4iH6om","Niels Van Gogh, ANNA",0.663,0.947,0.0788,0.339,../mp3songs/TECHNO_BUNKER/Pulverturm - ANNA Rework.mp3,techno,"[0, 0, 0, 0, 0, 0, 0, 0, 1, 0, 0]"
hard_techno,0EkqRzxIsE6MDhCuQ7ZjpN,Big 9,33bRyZ0w1HHBDkv1wQBuaq,LS41,0.589,0.987,0.182,0.0693,../mp3songs/HARD_TECHNO/Big 9.mp3,techno,"[0, 0, 1, 0, 0, 0, 0, 0, 0, 0, 0]"
tekkno,12zdNg7LkEm3dATyCBii0E,Ich liebe dich,66GQqVO1U8zhksXsdgTfhD,Thekke,0.589,0.933,0.0696,0.295,../mp3songs/tekkno/Ich liebe dich.mp3,techno,"[0, 0, 0, 0, 0, 0, 0, 0, 0, 1, 0]"
techno,7n0GhbTRJuENvGcfvgQdS4,Tiger Claw,6g18j6U5EYDMoIAmEAstGI,HOF,0.655,0.997,0.0675,0.218,../mp3songs/TECHNO_BUNKER/Tiger Claw.mp3,techno,"[0, 0, 0, 0, 0, 0, 0, 0, 1, 0, 0]"
jump_up_dnb,4T9D8HvNML0kMwb0sRkSfJ,Mr Happy,"04rhebO91K6xoiXE0XuDkh, 6hlQVaiKiA8Y9K12cTQPrF","DJ Hazard, D*Minds",0.619,0.959,0.368,0.167,../mp3songs/Jump-Up_Drum_and_Bass/Mr Happy.mp3,dnb,"[0, 0, 0, 0, 1, 0, 0, 0, 0, 0, 0]"
acid_techno,2bQ7rn3w44TEIqgO9wEuQN,Verknipt Nochmal - Original Mix,4xfA60YoR4UbBxuOn9WXJq,A*S*Y*S,0.717,0.992,0.0748,0.0383,../mp3songs/ACID!_Best_Acid_Techno_Mix/Verknipt Nochmal - Original Mix.mp3,techno,"[0, 1, 0, 0, 0, 0, 0, 0, 0, 0, 0]"
jump_up_dnb,60evApVW0903kop1KLNwkC,Oscillator,7GvVTb8yFV0ZrdI30Qce6T,Delta Heavy,0.59,0.938,0.219,0.456,../mp3songs/Jump-Up_Drum_and_Bass/Oscillator.mp3,dnb,"[0, 0, 0, 0, 1, 0, 0, 0, 0, 0, 0]"
hard_techno,0jyKIDX9p5y8FdszAMoGCI,Freedom Inside Your Illness - LS41 Remix,"1uF27HWY7mPPtfpoUZ14Ep, 4WSZCYGxqXDMYPizVPfSP9, 33bRyZ0w1HHBDkv1wQBuaq","Infeed, INNERGATE RECORDS, LS41",0.496,0.994,0.152,0.0809,../mp3songs/HARD_TECHNO/Freedom Inside Your Illness - LS41 Remix.mp3,techno,"[0, 0, 1, 0, 0, 0, 0, 0, 0, 0, 0]"
tekkno,4tGV1qwvpTGGLDABIuF6im,DANN!,"4JYqoXIafq0pVdehT7yn3I, 2fgyuNiQxXwzAoN8qLFCCf, 6LtGqyVIqQbNZYQMjaomo5","Freder Seric, Snake16, TechnoFetzer",0.471,0.964,0.352,0.502,../mp3songs/tekkno/DANN!.mp3,techno,"[0, 0, 0, 0, 0, 0, 0, 0, 0, 1, 0]"
acid_techno,4UN1LpIxsCLcfPmOwWmPan,Reshape the Future,2zJJIWKT0LiwdxcwW9RajQ,Dax J,0.436,0.978,0.0533,0.292,../mp3songs/ACID!_Best_Acid_Techno_Mix/Reshape the Future.mp3,techno,"[0, 1, 0, 0, 0, 0, 0, 0, 0, 0, 0]"
neurofunk_dnb,7sYmU8hHavV3BUpCjRKsKe,The Warehouse - Justin Hawkes Remix,"4UNnRb4LN2hGtbtMfPzMhg, 1csMDtU42ZYNaqadbA4TAK, 6pXPaQEZ2EyfxIRtf9JwyJ, 5bNvSO3b75SGJrx0kOt996","MUZZ, PAV4N, Miss Trouble, Justin Hawkes",0.507,0.961,0.335,0.389,../mp3songs/Neurofunk_Drum_and_Bass/The Warehouse - Justin Hawkes Remix.mp3,dnb,"[0, 0, 0, 0, 0, 0, 1, 0, 0, 0, 0]"
schranz,3bUN5BkTk6x3IA7gVx5UJv,Kick The Fat Beat,2IOR06B1bFw3KTm2UADPY4,Svetec,0.574,0.998,0.0949,0.294,../mp3songs/SCHRANZ_2024_/Kick The Fat Beat.mp3,techno,"[0, 0, 0, 0, 0, 0, 0, 1, 0, 0, 0]"
acid_techno,5DgchqGYYHMczD0aWW8Hgd,Come with Me,4x3FMOF0ulR4kFBdanXmNV,Andrej Meyer,0.654,0.832,0.041,0.223,../mp3songs/ACID!_Best_Acid_Techno_Mix/Come with Me.mp3,techno,"[0, 1, 0, 0, 0, 0, 0, 0, 0, 0, 0]"
90s_house,6L8xB44ZvgAJjQEY9Zx6y6,Beat Dis,1G3Eh23f2hwhEnAMw7HsZ6,Bomb The Bass,0.732,0.803,0.0515,0.471,../mp3songs/90s_House_Classics/Beat Dis.mp3,dance,"[1, 0, 0, 0, 0, 0, 0, 0, 0, 0, 0]"
schranz,2Q8NmhEKWNNemIY1MZ8gnr,CALL OF SILENCE,11R3hZfNT6ddljV0AkODiW,KRENON,0.686,0.982,0.198,0.349,../mp3songs/SCHRANZ_2024_/CALL OF SILENCE.mp3,techno,"[0, 0, 0, 0, 0, 0, 0, 1, 0, 0, 0]"
tekkno,14wLBHbMzQO0c9tkUx0kZN,Tekk Labor,"0YsmybgV977N33gBlyvSlN, 0PViWrI9KhGEn0rV5PYUbp","HRDSND, Lyxxn & Teness",0.704,0.457,0.101,0.0399,../mp3songs/tekkno/Tekk Labor.mp3,techno,"[0, 0, 0, 0, 0, 0, 0, 0, 0, 1, 0]"
tekkno,1rJ5Nn7OegNwpY1etYdA5h,Dreier,"3Rdg7tfjdCB05Gce6Kj4j3, 7hQnYsIbhuSDXyUCpnedZj","Hardtekk Channel, Ace-ton",0.519,0.928,0.0555,0.612,../mp3songs/tekkno/Dreier.mp3,techno,"[0, 0, 0, 0, 0, 0, 0, 0, 0, 1, 0]"
acid_techno,0koP4PGAo9CpaxfJwrCLGX,You Don't Know,"0hReHYoLJG38QBwYIZ8zKs, 5dX1T3OJGQDKfOLZypULWb","AKKI (DE), Tone-Hype",0.585,0.988,0.101,0.0332,../mp3songs/ACID!_Best_Acid_Techno_Mix/You Don't Know.mp3,techno,"[0, 1, 0, 0, 0, 0, 0, 0, 0, 0, 0]"
techno,5bxebyE7bBCb6D4ICh9nNe,Salty,32LzV8uY2Zf8Nda9Rvjx5U,Timmo,0.745,0.94,0.0476,0.221,../mp3songs/TECHNO_BUNKER/Salty.mp3,techno,"[0, 0, 0, 0, 0, 0, 0, 0, 1, 0, 0]"
jump_up_dnb,6FgthnS6GYgLuELf7uRdDz,Move Your Body - Hedex Remix,"37czgDRfGMvgRiUKHvnnhj, 0aOIluXr131XqrXFwFCFGT, 22I9QWygJ2IfxR855VsA3t","Öwnboss, Sevek, Hedex",0.675,0.894,0.0526,0.404,../mp3songs/Jump-Up_Drum_and_Bass/Move Your Body - Hedex Remix.mp3,dnb,"[0, 0, 0, 0, 1, 0, 0, 0, 0, 0, 0]"
neurofunk_dnb,2sbavHpJ6bxPmnxrDG7JYG,Ham-Fisted,0qpokmnvq1MOYl954iVq7x,Emperor,0.758,0.923,0.348,0.465,../mp3songs/Neurofunk_Drum_and_Bass/Ham-Fisted.mp3,dnb,"[0, 0, 0, 0, 0, 0, 1, 0, 0, 0, 0]"
tekkno,3EDmh2iPHEpicqNLwLPAxQ,Ich Hasse Alle,"4OWNHq6tL2TBSQgyzeu2Tw, 5B0q1m4ZbaAhucMWyV12Ve","Sitte, NIGHTTEKK",0.817,0.806,0.108,0.129,../mp3songs/tekkno/Ich Hasse Alle.mp3,techno,"[0, 0, 0, 0, 0, 0, 0, 0, 0, 1, 0]"
liquid_dnb,15zdXXi2s7LstGN3rXSC6y,Where Words Fail,4lOMuHPiA5TrLjPk1aseIc,IYRE,0.502,0.831,0.0414,0.0373,../mp3songs/Liquid_Drum_and_Bass/Where Words Fail.mp3,dnb,"[0, 0, 0, 0, 0, 1, 0, 0, 0, 0, 0]"
techno,5poZz8srlh8P5XjKsHKXj7,When I Push - Edit,"5lVNSw2GPci8kebrAQpZqU, 7mC3RkNNTV6p2j9w4F8Ip4, 2E1NFr5AeEGUJkLUUsWCAO","Eli Brown, Layton Giordani, OFFAIAH",0.686,0.952,0.0497,0.211,../mp3songs/TECHNO_BUNKER/When I Push - Edit.mp3,techno,"[0, 0, 0, 0, 0, 0, 0, 0, 1, 0, 0]"
schranz,4Kjqwd7GqP1yE3vm1ohOWo,This Generation - Rudosa's Schranz Remix,"2Q8HKTunJROXibsOGQlSJl, 1a4cEeeD2n2cR5qA7ARsDZ","Jehra, Rudosa",0.505,0.999,0.148,0.244,../mp3songs/SCHRANZ_2024_/This Generation - Rudosa's Schranz Remix.mp3,techno,"[0, 0, 0, 0, 0, 0, 0, 1, 0, 0, 0]"
90s_house,7t020iFDoAjNgc4mjUMBAS,Plastic Dreams - Radio Edit,2xVsrAmTyLeCvOvPqTo767,Jaydee,0.731,0.575,0.0334,0.295,../mp3songs/90s_House_Classics/Plastic Dreams - Radio Edit.mp3,dance,"[1, 0, 0, 0, 0, 0, 0, 0, 0, 0, 0]"
jump_up_dnb,6uNlwNo4ImyEZjTCM8nBpo,"Next Hype - Crissy Criss, Malux & Erb N Dub Remix","6b1Reb7bhjdXtkR7wUYW61, 2tEg1Ert1kIHmm55ayDUy7, 6NnqC2KLeT6C7kgY3MvdGX, 6CNd7Wpb36Ls8k7eHRWX3T, 1g2LQyuQ1fQsh3Dd9MGgTB","TC, Jakes, Crissy Criss, Malux, Erb n Dub",0.513,0.913,0.175,0.273,"../mp3songs/Jump-Up_Drum_and_Bass/Next Hype - Crissy Criss, Malux & Erb N Dub Remix.mp3",dnb,"[0, 0, 0, 0, 1, 0, 0, 0, 0, 0, 0]"
neurofunk_dnb,5p3NCS0PiNSqXapxAcuQqi,The Warehouse,"4UNnRb4LN2hGtbtMfPzMhg, 1csMDtU42ZYNaqadbA4TAK, 6pXPaQEZ2EyfxIRtf9JwyJ","MUZZ, PAV4N, Miss Trouble",0.523,0.974,0.0998,0.282,../mp3songs/Neurofunk_Drum_and_Bass/The Warehouse.mp3,dnb,"[0, 0, 0, 0, 0, 0, 1, 0, 0, 0, 0]"
groove_techno,0FpEVivSMAkrUsgQpj0rSb,Night Genesis,3lJoRDjlvFXZLvSRVeM6m8,Chlär,0.706,0.995,0.0894,0.389,../mp3songs/Groove_Techno/Night Genesis.mp3,techno,"[0, 0, 0, 0, 0, 0, 0, 0, 0, 0, 1]"
acid_techno,5yCyaKhbUhTkP2eb5hS1Vg,No Sleeping,5Hini2nQyoglzpdKe41cZt,UMEK,0.642,0.982,0.0515,0.38,../mp3songs/ACID!_Best_Acid_Techno_Mix/No Sleeping.mp3,techno,"[0, 1, 0, 0, 0, 0, 0, 0, 0, 0, 0]"
neurofunk_dnb,1ETXpNdKB4EiE5XzipBpNA,Feel This Way - Spor Remix,"6iPbI11utXY9CVhX6SPXEg, 051lz9ZMNShdpFP1uQtd9m, 42EZt9LfgsaF0WHlDC3FoM","Nitepunk, Yianna, Spor",0.476,0.972,0.387,0.317,../mp3songs/Neurofunk_Drum_and_Bass/Feel This Way - Spor Remix.mp3,dnb,"[0, 0, 0, 0, 0, 0, 1, 0, 0, 0, 0]"
neurofunk_dnb,7xw7mr7uGZigio3rG8awXf,Carry The Flame,"3cMInYqk6yzf37zo8iznoz, 0OKnuRfEYSuoNidEyL52bk","DNMO, Silcrow",0.496,0.936,0.0602,0.0963,../mp3songs/Neurofunk_Drum_and_Bass/Carry The Flame.mp3,dnb,"[0, 0, 0, 0, 0, 0, 1, 0, 0, 0, 0]"
schranz,47v5H80wO9Igu7UFvViBUG,Gates Of Ignuhm,"2kqP3BXfLgo74OpfoC9cf7, 5M50PhU7eSL7ZYStP0dCgc","Vendex, Noise Not War",0.414,0.996,0.0912,0.219,../mp3songs/SCHRANZ_2024_/Gates Of Ignuhm.mp3,techno,"[0, 0, 0, 0, 0, 0, 0, 1, 0, 0, 0]"
neurofunk_dnb,3zeieqwyV7E5dk8ekJXeyE,Hispanoamericano - Blossom Remix,"1wqW0IQWC7V7jktcjVHID6, 0veabgheMC6NnyTEbFUI5u, 0FhgVFxDmcXH3blEWtt13V","Black Caviar, EURI, Blossom",0.506,0.891,0.248,0.383,../mp3songs/Neurofunk_Drum_and_Bass/Hispanoamericano - Blossom Remix.mp3,dnb,"[0, 0, 0, 0, 0, 0, 1, 0, 0, 0, 0]"
90s_house,49X0LAl6faAusYq02PRAY6,Lady - Hear Me Tonight,0AkpPlFLnr0VQwZQeMGht0,Modjo,0.72,0.808,0.0379,0.869,../mp3songs/90s_House_Classics/Lady - Hear Me Tonight.mp3,dance,"[1, 0, 0, 0, 0, 0, 0, 0, 0, 0, 0]"
jump_up_dnb,4nrcPumLm5ozA8qOEHcVm2,Want You,1KiNUGL3r0GgyLwqYCY1yV,Kanine,0.55,0.984,0.0932,0.0583,../mp3songs/Jump-Up_Drum_and_Bass/Want You.mp3,dnb,"[0, 0, 0, 0, 1, 0, 0, 0, 0, 0, 0]"
techno,25czN86DWwXmhOS0BmkwRR,Ghost Kiss,1btv9qmIpbp7q1ixCYNdHu,Adam Beyer,0.761,0.979,0.0673,0.0539,../mp3songs/TECHNO_BUNKER/Ghost Kiss.mp3,techno,"[0, 0, 0, 0, 0, 0, 0, 0, 1, 0, 0]"
acid_techno,7hsqjyXQZWzufjnQdxZYsh,Stop Me From Falling,"2jop7P9uKGHVtQAv59lDxT, 4yydydB4Lv8XkD7TWLureX","Spektre, Michele Adamson",0.594,0.955,0.0926,0.0559,../mp3songs/ACID!_Best_Acid_Techno_Mix/Stop Me From Falling.mp3,techno,"[0, 1, 0, 0, 0, 0, 0, 0, 0, 0, 0]"
liquid_dnb,0l9aqnEwV2h2m3EpLsJINW,Wings - Nu:Logic Remix,"2WX2uTcsvV5OnS0inACecP, 5pL8Q5xbDLEDE6JvYMXX9u, 7pDBRy9uWy1zq5b0uXIABQ, 01K8GEMGGxtrQ4xjDmNLPs","Birdy, Nu:Logic, Nu:Tone, Logistics",0.44,0.93,0.0867,0.391,../mp3songs/Liquid_Drum_and_Bass/Wings - Nu:Logic Remix.mp3,dnb,"[0, 0, 0, 0, 0, 1, 0, 0, 0, 0, 0]"
jump_up_dnb,5hSAgTICjyxFUueouIUn0O,Corrupt,1idxHDSZWzV9ey9ee97XzC,Jando,0.671,0.761,0.233,0.552,../mp3songs/Jump-Up_Drum_and_Bass/Corrupt.mp3,dnb,"[0, 0, 0, 0, 1, 0, 0, 0, 0, 0, 0]"
hardstyle,00mei7Ys3xFx46g6J2TTmn,Marathon,"7jp5R1aY7kmwBYX3jIu9yk, 7xhR4wM8X8SeGTKKPujotA","Jebroer, Anita Doth",0.599,0.98,0.0981,0.657,../mp3songs/Hardcore_Techno_Hardstyle/Marathon.mp3,techno,"[0, 0, 0, 1, 0, 0, 0, 0, 0, 0, 0]"
techno,0CHbq6alKqfZnD7r2uNJGm,Inhuman Programming - Original Mix,"6BW1auskrxNZ5Ap83LtamK, 5Lu7JOTiNvqjQswt0Uyms2","Raden (UK), Bouras",0.643,0.974,0.0472,0.782,../mp3songs/TECHNO_BUNKER/Inhuman Programming - Original Mix.mp3,techno,"[0, 0, 0, 0, 0, 0, 0, 0, 1, 0, 0]"
techno,0T3cGxD64iCMuXH4u7QHcH,Levitate,679xKCdF1dBRH0gGgZfcCC,Kaspar,0.67,0.959,0.0469,0.0684,../mp3songs/TECHNO_BUNKER/Levitate.mp3,techno,"[0, 0, 0, 0, 0, 0, 0, 0, 1, 0, 0]"
acid_techno,5F1zvhsJgKnoQ0SsHXYFcs,Exploration,6lDsCwKwjMQAmR2ueIGUGJ,Felix Kröcher,0.694,0.914,0.0435,0.374,../mp3songs/ACID!_Best_Acid_Techno_Mix/Exploration.mp3,techno,"[0, 1, 0, 0, 0, 0, 0, 0, 0, 0, 0]"
groove_techno,0wXINHsQAZKlSu17pZIIGC,Ae86,3160Uht6QdGT17EECSPWAO,Alarico,0.739,0.997,0.11,0.22,../mp3songs/Groove_Techno/Ae86.mp3,techno,"[0, 0, 0, 0, 0, 0, 0, 0, 0, 0, 1]"
hardstyle,2oJanqscZDqDY7Xf6ds4FV,Het Zwarte Schaap,"0aKXalHKVzkLJ6aeUY3HMf, 7mHUbNIflNX99gowiCMCwZ, 3Lu9zTGOtzT2MZpfxdaHJv, 2TZJIIHDLfgdMLFejURyKf","Outsiders, Billy The Kit, The Darkraver, De Kraaien",0.528,0.82,0.0335,0.192,../mp3songs/Hardcore_Techno_Hardstyle/Het Zwarte Schaap.mp3,techno,"[0, 0, 0, 1, 0, 0, 0, 0, 0, 0, 0]"
liquid_dnb,2R6zg6SWygSvY4wzv8BXId,Sinner,"6gnohqGISFUVpTSqT3TtiO, 2DMjf1zRMCb3iRLmUUvO9c","Dawn Wall, ANNI",0.516,0.86,0.037,0.264,../mp3songs/Liquid_Drum_and_Bass/Sinner.mp3,dnb,"[0, 0, 0, 0, 0, 1, 0, 0, 0, 0, 0]"
tekkno,0J2vVYlP7SedKzocmutQWb,Far Away,"7JIQezELfGxyewhgOMkFOD, 4XNEzZAf2uvST0o8Paz44g, 1G3ww8c1Xg7Xj54BO9EN1J","Rolexz, deMusiax, Tunnel Factory",0.667,0.823,0.0452,0.267,../mp3songs/tekkno/Far Away.mp3,techno,"[0, 0, 0, 0, 0, 0, 0, 0, 0, 1, 0]"
hardstyle,4tM13V5qVHM6nKTx7aMWVj,Kind Van De Duivel,"7jp5R1aY7kmwBYX3jIu9yk, 123hDJRbi4KtCdBaaKNHW6","Jebroer, Paul Elstak",0.676,0.908,0.0476,0.626,../mp3songs/Hardcore_Techno_Hardstyle/Kind Van De Duivel.mp3,techno,"[0, 0, 0, 1, 0, 0, 0, 0, 0, 0, 0]"
liquid_dnb,1XsKv21XsQvWVLaaSuauIo,All or Nothing,"6Hb29cwvtPMH6wThCBqGQ5, 2uCrvTUHRA9kuW4IA67oDn, 7AZknsTdMHnb5qet3byuQK","pyxis, Telomic, KINSELLA",0.653,0.812,0.0607,0.247,../mp3songs/Liquid_Drum_and_Bass/All or Nothing.mp3,dnb,"[0, 0, 0, 0, 0, 1, 0, 0, 0, 0, 0]"
neurofunk_dnb,5jhCgiLnf7MuYfbroR6XJG,Into Black,32rwroseSEZ7dEwooAUikF,Joe Ford,0.357,0.972,0.311,0.24,../mp3songs/Neurofunk_Drum_and_Bass/Into Black.mp3,dnb,"[0, 0, 0, 0, 0, 0, 1, 0, 0, 0, 0]"
liquid_dnb,5aWFFfc3FCnnvf7sgtAAVp,So Long,"43DHa7Q1IhECAE5YtN3jHQ, 6Hb29cwvtPMH6wThCBqGQ5","Malaky, pyxis",0.561,0.842,0.0879,0.229,../mp3songs/Liquid_Drum_and_Bass/So Long.mp3,dnb,"[0, 0, 0, 0, 0, 1, 0, 0, 0, 0, 0]"
groove_techno,4FDIMTMpG4xtEoe1nOsupM,Hypnotic,7D5uEg2a7yzc5AsGyGr73O,RUL3,0.623,0.839,0.0407,0.46,../mp3songs/Groove_Techno/Hypnotic.mp3,techno,"[0, 0, 0, 0, 0, 0, 0, 0, 0, 0, 1]"
hard_techno,2oocbe8Z9OfrBlD9BUgU01,Chamber of Death,"5WxRbGZ5RbPIvlmDudz0up, 4nhgDNnwWOGjntha8PpCrJ, 57mQ0siYFu8eu5XdOK7wD2","Toxic Machinery, ÆRES, MOROS",0.457,0.997,0.109,0.0397,../mp3songs/HARD_TECHNO/Chamber of Death.mp3,techno,"[0, 0, 1, 0, 0, 0, 0, 0, 0, 0, 0]"
jump_up_dnb,2KloNhtLocj2ArEoACHTCw,Rubix,6CNd7Wpb36Ls8k7eHRWX3T,Malux,0.509,0.952,0.338,0.343,../mp3songs/Jump-Up_Drum_and_Bass/Rubix.mp3,dnb,"[0, 0, 0, 0, 1, 0, 0, 0, 0, 0, 0]"
groove_techno,42dUuy71lOLTpk0WJpjI1P,Oldtimer,219ftAqQ0v073JOvxg94BH,Steve RedHead,0.848,0.986,0.265,0.238,../mp3songs/Groove_Techno/Oldtimer.mp3,techno,"[0, 0, 0, 0, 0, 0, 0, 0, 0, 0, 1]"
hard_techno,5EiohoCxbWCOyN1oq8PD2e,Werewolf Disco Club,0KqSULB80ft2H3aFg6kJmN,I Hate Models,0.622,0.923,0.0385,0.214,../mp3songs/HARD_TECHNO/Werewolf Disco Club.mp3,techno,"[0, 0, 1, 0, 0, 0, 0, 0, 0, 0, 0]"
schranz,6dkxqHlKnoGcjtvyIDpxwK,Schranzerkampfwagen - Original Mix,0SH8Lcl8vQXfyIDVRGSRwP,David Temessi,0.734,0.864,0.417,0.201,../mp3songs/SCHRANZ_2024_/Schranzerkampfwagen - Original Mix.mp3,techno,"[0, 0, 0, 0, 0, 0, 0, 1, 0, 0, 0]"
groove_techno,6sqjM3voKU37z2bNSkrGrq,High Roller,25Qw8Z0pmd1aXtZEbnEZlg,Nicolas Vogler,0.75,0.941,0.0587,0.629,../mp3songs/Groove_Techno/High Roller.mp3,techno,"[0, 0, 0, 0, 0, 0, 0, 0, 0, 0, 1]"
neurofunk_dnb,1OujZI8PkjK0B1a1gF9axt,Wanna,1mlAkvaCrzWSxS2ATBZh27,Kumarion,0.663,0.964,0.414,0.373,../mp3songs/Neurofunk_Drum_and_Bass/Wanna.mp3,dnb,"[0, 0, 0, 0, 0, 0, 1, 0, 0, 0, 0]"
groove_techno,7ywZQBFdPUt8uJeIiVFBPT,Lost In Time,3160Uht6QdGT17EECSPWAO,Alarico,0.613,0.997,0.088,0.186,../mp3songs/Groove_Techno/Lost In Time.mp3,techno,"[0, 0, 0, 0, 0, 0, 0, 0, 0, 0, 1]"
jump_up_dnb,29w94JIgiVltkCxQ6eDhGX,One Sound,"0ZOmdgRp1cjKbvfOEPJjD8, 6lcI3OXjX25eQepM8ggKpb","Mindscape, Kryptomedic",0.481,0.968,0.104,0.263,../mp3songs/Jump-Up_Drum_and_Bass/One Sound.mp3,dnb,"[0, 0, 0, 0, 1, 0, 0, 0, 0, 0, 0]"
90s_house,5lAb1UQMTC9ANal1QrFCx2,Nothing Better - Tmvs Club Mix,"7IiGgQFgfCPx3U34PlS4nC, 5lPgWCOAaBImIvLXXZkEnO","Colourblind, Dina Roache",0.673,0.959,0.085,0.875,../mp3songs/90s_House_Classics/Nothing Better - Tmvs Club Mix.mp3,dance,"[1, 0, 0, 0, 0, 0, 0, 0, 0, 0, 0]"
liquid_dnb,27hGDu6VTcXy0sugTIsDvv,Stone cold.,1m3Z3kHjeDDFzKNWqvTlYN,The Caracal Project,0.684,0.787,0.205,0.421,../mp3songs/Liquid_Drum_and_Bass/Stone cold..mp3,dnb,"[0, 0, 0, 0, 0, 1, 0, 0, 0, 0, 0]"
neurofunk_dnb,061E9oP6Ejx1RecjaKlNCj,Cadence,5bNvSO3b75SGJrx0kOt996,Justin Hawkes,0.635,0.99,0.236,0.246,../mp3songs/Neurofunk_Drum_and_Bass/Cadence.mp3,dnb,"[0, 0, 0, 0, 0, 0, 1, 0, 0, 0, 0]"
schranz,73ixhTE0F7xfxtTwRMJYGO,Der Zerstörer - Original Mix,"4v8wjm268q8PoVVXrrdott, 0f87xNphOln9PY4UNcXXr4","HardtraX, O.B.I.",0.643,0.998,0.0685,0.212,../mp3songs/SCHRANZ_2024_/Der Zerstörer - Original Mix.mp3,techno,"[0, 0, 0, 0, 0, 0, 0, 1, 0, 0, 0]"
groove_techno,3MFgAgVC3O6zxZUZvS6mH3,Cigarettes after Sex,3160Uht6QdGT17EECSPWAO,Alarico,0.712,0.943,0.111,0.161,../mp3songs/Groove_Techno/Cigarettes after Sex.mp3,techno,"[0, 0, 0, 0, 0, 0, 0, 0, 0, 0, 1]"
90s_house,0Lg4ckCFjFUeyHOeSozcWS,"The Key, The Secret",1QYMj6ouUhi6yis1HE8M68,Urban Cookie Collective,0.702,0.796,0.0315,0.607,"../mp3songs/90s_House_Classics/The Key, The Secret.mp3",dance,"[1, 0, 0, 0, 0, 0, 0, 0, 0, 0, 0]"
tekkno,5Vn30c7SpyvXKfPGbrPjTO,Intro ausm K7 Keller,4nHmMOpyMZ99ndnkcOBJ7T,Cortex_Sound,0.705,0.875,0.112,0.181,../mp3songs/tekkno/Intro ausm K7 Keller.mp3,techno,"[0, 0, 0, 0, 0, 0, 0, 0, 0, 1, 0]"
acid_techno,0NtDIzCcEsP2OGB8uWTVH7,Rejected,1a4cEeeD2n2cR5qA7ARsDZ,Rudosa,0.627,0.987,0.0924,0.213,../mp3songs/ACID!_Best_Acid_Techno_Mix/Rejected.mp3,techno,"[0, 1, 0, 0, 0, 0, 0, 0, 0, 0, 0]"
acid_techno,73Z9bB6pDnpj4pQhzScrWm,Little Hero,"2jvTYwyzxK1FVYGEoKfZLQ, 5FgLkieOqGXPn01dnbJp9Z","Cosmic Boys, T78",0.764,0.742,0.0444,0.187,../mp3songs/ACID!_Best_Acid_Techno_Mix/Little Hero.mp3,techno,"[0, 1, 0, 0, 0, 0, 0, 0, 0, 0, 0]"
hardstyle,7ezyFM3xrwhC4vFWhpLuXz,Polizei,7jp5R1aY7kmwBYX3jIu9yk,Jebroer,0.714,0.776,0.101,0.283,../mp3songs/Hardcore_Techno_Hardstyle/Polizei.mp3,techno,"[0, 0, 0, 1, 0, 0, 0, 0, 0, 0, 0]"
acid_techno,3Cxqo0FpmunJADAnlpI7DM,Acid Rain,5NSpferwNVudjza91NaBjO,Karla Blum,0.716,0.85,0.0456,0.345,../mp3songs/ACID!_Best_Acid_Techno_Mix/Acid Rain.mp3,techno,"[0, 1, 0, 0, 0, 0, 0, 0, 0, 0, 0]"
schranz,30jmM1WTbe7F7Oc9P7em0X,Right Empire - Original Mix,"68ImVNstbypsiht4x93RD6, 3UuGhSsdDEPbZmOK3deJvE","Dstm, Sara Krin",0.602,0.917,0.235,0.287,../mp3songs/SCHRANZ_2024_/Right Empire - Original Mix.mp3,techno,"[0, 0, 0, 0, 0, 0, 0, 1, 0, 0, 0]"
neurofunk_dnb,22BXsvFEaQRIWpCCGK9FoK,Protagonist,6t8zNT4dr6fv5nKFrsnH9h,MEL,0.616,0.96,0.0899,0.222,../mp3songs/Neurofunk_Drum_and_Bass/Protagonist.mp3,dnb,"[0, 0, 0, 0, 0, 0, 1, 0, 0, 0, 0]"
groove_techno,4zUcAWCmMiGvyRWap27bov,Boya,3160Uht6QdGT17EECSPWAO,Alarico,0.688,0.97,0.123,0.0794,../mp3songs/Groove_Techno/Boya.mp3,techno,"[0, 0, 0, 0, 0, 0, 0, 0, 0, 0, 1]"
hardstyle,4k1OADTXVmuABulPYY9IIu,Turbo,"2dYdfgSbtfu9Y9MkTPv3jX, 123hDJRbi4KtCdBaaKNHW6","New Kids, Paul Elstak",0.411,0.786,0.0396,0.347,../mp3songs/Hardcore_Techno_Hardstyle/Turbo.mp3,techno,"[0, 0, 0, 1, 0, 0, 0, 0, 0, 0, 0]"
90s_house,4a2VdX9fRz3mFuEP17TnEn,Turn Up The Bass - Fast Eddie Scratch It Up Mix,0iQ58hVu6gA9nuuCgbnvOn,Tyree Cooper,0.762,0.898,0.142,0.349,../mp3songs/90s_House_Classics/Turn Up The Bass - Fast Eddie Scratch It Up Mix.mp3,dance,"[1, 0, 0, 0, 0, 0, 0, 0, 0, 0, 0]"
hardstyle,3hA1V8AeeUA41grLuWhRWK,Naarayanaa,"0Ldjd0Z66CJ0rChWXx0jzB, 4RbUYWWjEBb4umwqakOEd3","Billx, Dr. Peacock",0.646,0.98,0.0821,0.104,../mp3songs/Hardcore_Techno_Hardstyle/Naarayanaa.mp3,techno,"[0, 0, 0, 1, 0, 0, 0, 0, 0, 0, 0]"
hardstyle,4qlo913Qw4lqBeiH2HBqas,Ein Marathon,"7jp5R1aY7kmwBYX3jIu9yk, 7xhR4wM8X8SeGTKKPujotA","Jebroer, Anita Doth",0.618,0.955,0.147,0.77,../mp3songs/Hardcore_Techno_Hardstyle/Ein Marathon.mp3,techno,"[0, 0, 0, 1, 0, 0, 0, 0, 0, 0, 0]"
hardstyle,2yjLRyGQbk0IooaZkRCnP5,Leap Of Faith,6C0KWmCdqrLU2LzzWBPbOy,Headhunterz,0.523,0.874,0.0333,0.196,../mp3songs/Hardcore_Techno_Hardstyle/Leap Of Faith.mp3,techno,"[0, 0, 0, 1, 0, 0, 0, 0, 0, 0, 0]"
hardstyle,6EXBuSzvrurcYbizwelIok,Me Gabber,7jp5R1aY7kmwBYX3jIu9yk,Jebroer,0.618,0.79,0.119,0.354,../mp3songs/Hardcore_Techno_Hardstyle/Me Gabber.mp3,techno,"[0, 0, 0, 1, 0, 0, 0, 0, 0, 0, 0]"
neurofunk_dnb,00ti7CrO1m6TWVHY8bvPL3,Far Gone,6lczpQaXIogAbhZfhVOiEe,Fade Black,0.428,0.96,0.56,0.122,../mp3songs/Neurofunk_Drum_and_Bass/Far Gone.mp3,dnb,"[0, 0, 0, 0, 0, 0, 1, 0, 0, 0, 0]"
tekkno,5JWsIerG0FE55zsFB2ZIcj,Zittern im Bein - Scheppertus Remix,"0nyEsQGIH5OWCKh0jkWhAb, 0FUqlKX34J9AXxM10ieP5U, 7MajXwmEaPsHi7DOJdMTQR","Gilo, Rooky030, Scheppertus",0.751,0.67,0.116,0.124,../mp3songs/tekkno/Zittern im Bein - Scheppertus Remix.mp3,techno,"[0, 0, 0, 0, 0, 0, 0, 0, 0, 1, 0]"
techno,5GprKgWvoGYGq7nXnjCt0O,Time,5NSpferwNVudjza91NaBjO,Karla Blum,0.605,0.986,0.0447,0.157,../mp3songs/TECHNO_BUNKER/Time.mp3,techno,"[0, 0, 0, 0, 0, 0, 0, 0, 1, 0, 0]"
neurofunk_dnb,60Go5gF38La1ks0aOkFYgd,A Taste of Hope - Emperor Remix,"0qpokmnvq1MOYl954iVq7x, 5Y7rFm0tiJTVDzGLMzz0W1","Emperor, IMANU",0.575,0.922,0.0633,0.0995,../mp3songs/Neurofunk_Drum_and_Bass/A Taste of Hope - Emperor Remix.mp3,dnb,"[0, 0, 0, 0, 0, 0, 1, 0, 0, 0, 0]"
90s_house,27kKrfGjxtsLHggpC33MCR,Rhythm Is a Mystery - Non-Stop Edit,4O1s9iVG46lSn1mD9ek1ES,K-Klass,0.684,0.797,0.0357,0.379,../mp3songs/90s_House_Classics/Rhythm Is a Mystery - Non-Stop Edit.mp3,dance,"[1, 0, 0, 0, 0, 0, 0, 0, 0, 0, 0]"
90s_house,4IdjLApIFnK01hRUdQlCLT,Not Forgotten - Hard Hands Remix,"72hqBMsw7x5jnfxxwkii8L, 0jcwuMu6k2SHsTGVdkqYdG","Leftfield, Paul Daley",0.72,0.678,0.0445,0.652,../mp3songs/90s_House_Classics/Not Forgotten - Hard Hands Remix.mp3,dance,"[1, 0, 0, 0, 0, 0, 0, 0, 0, 0, 0]"
techno,7LG6YgPx2DhEDo7KSn1265,Out Of Your Mind,"50KydUSYhBFGorhAgUcrL5, 1zcGW4JIJJPbA8SdYwNLLC","Marie Vaunt, Tao Andra",0.674,0.976,0.19,0.469,../mp3songs/TECHNO_BUNKER/Out Of Your Mind.mp3,techno,"[0, 0, 0, 0, 0, 0, 0, 0, 1, 0, 0]"
neurofunk_dnb,5lBH3sfJreyd4nwlsquidW,Elysium,6lczpQaXIogAbhZfhVOiEe,Fade Black,0.527,0.945,0.2,0.0706,../mp3songs/Neurofunk_Drum_and_Bass/Elysium.mp3,dnb,"[0, 0, 0, 0, 0, 0, 1, 0, 0, 0, 0]"
tekkno,5T1FfnEKr4xa1L72G6Topk,Zero,66GQqVO1U8zhksXsdgTfhD,Thekke,0.421,0.896,0.0969,0.236,../mp3songs/tekkno/Zero.mp3,techno,"[0, 0, 0, 0, 0, 0, 0, 0, 0, 1, 0]"
hardstyle,3S0Cbof7s6pb8XwCuaJakP,You Treat Me Just Like,5CNgIGV8GwEpwNko0VrUw7,Deathroar,0.587,0.949,0.0516,0.248,../mp3songs/Hardcore_Techno_Hardstyle/You Treat Me Just Like.mp3,techno,"[0, 0, 0, 1, 0, 0, 0, 0, 0, 0, 0]"
techno,4KEsZFbFgEdaBfBjCijKnX,Luna,"2jvTYwyzxK1FVYGEoKfZLQ, 1Hu2YwTv9wmxC8sppVVUA4","Cosmic Boys, Sam WOLFE",0.685,0.984,0.0503,0.219,../mp3songs/TECHNO_BUNKER/Luna.mp3,techno,"[0, 0, 0, 0, 0, 0, 0, 0, 1, 0, 0]"
liquid_dnb,3BAsUgDkWZxkSeIS0rl9iE,Illuminate,"3GEUIa3Z0Qlivy3EcJm5RX, 5XPW5vMGMW4tA1Z3qosShb","Etherwood, Riya",0.45,0.724,0.0413,0.0383,../mp3songs/Liquid_Drum_and_Bass/Illuminate.mp3,dnb,"[0, 0, 0, 0, 0, 1, 0, 0, 0, 0, 0]"
jump_up_dnb,5pg0g6o6ePcRHiQOxgzDMd,Break It Down,1h8wkWuZQKyDiwbLogtoL0,Mozey,0.745,0.988,0.102,0.496,../mp3songs/Jump-Up_Drum_and_Bass/Break It Down.mp3,dnb,"[0, 0, 0, 0, 1, 0, 0, 0, 0, 0, 0]"
tekkno,5a0Pxxf6FyBAm9WJvJqjHM,Auf & Davon,"6mhIOdvLrtQUlrACSqY3Yr, 5k9FUl8bw4jLtNRzeH86eg","HIGHTKK, Sironex",0.647,0.96,0.0824,0.273,../mp3songs/tekkno/Auf & Davon.mp3,techno,"[0, 0, 0, 0, 0, 0, 0, 0, 0, 1, 0]"
tekkno,6uMQi3MtBAHSVgAyLVRZs1,Ich will Limo,"2tIywVkMi4Kz3FIZxBvqD9, 0YsmybgV977N33gBlyvSlN, 2VcaSoIYjjYcCvphJkfmx7","Kannadiss, HRDSND, Lena Kasimir",0.759,0.905,0.0529,0.2,../mp3songs/tekkno/Ich will Limo.mp3,techno,"[0, 0, 0, 0, 0, 0, 0, 0, 0, 1, 0]"
techno,6lWjP9oojE3u4P3Acpkesf,Friction,"3bVYqr2NfmwmL4YJisWhJI, 3sMtPWvoIoTE1IR3Ehdf5m","Dubfire, Flug",0.539,0.854,0.0431,0.0321,../mp3songs/TECHNO_BUNKER/Friction.mp3,techno,"[0, 0, 0, 0, 0, 0, 0, 0, 1, 0, 0]"
liquid_dnb,0Ba3iYwYr5K4qsDgEfrE48,Vespertine,"7bceROJifNdPvRoSeRFQuI, 5ysM7N1yMA9MlxcDdbDJun","Note, aya dia",0.572,0.62,0.18,0.266,../mp3songs/Liquid_Drum_and_Bass/Vespertine.mp3,dnb,"[0, 0, 0, 0, 0, 1, 0, 0, 0, 0, 0]"
90s_house,2otqG46XEXtJu5uqDUNEF7,People Hold On (feat. Lisa Stansfield) - Radio Edit,"5wnhqlZzXIq8aO9awQO2ND, 2jS7I1u7BpgWT9ssG62Zr1","Coldcut, Lisa Stansfield",0.618,0.811,0.0546,0.753,../mp3songs/90s_House_Classics/People Hold On (feat. Lisa Stansfield) - Radio Edit.mp3,dance,"[1, 0, 0, 0, 0, 0, 0, 0, 0, 0, 0]"
liquid_dnb,30t6UFKC2yKfagoUHU3GmZ,Love Yourself,1zCwEEtlGUmFFAEvQ9jW6D,Audioscribe,0.413,0.763,0.0444,0.0323,../mp3songs/Liquid_Drum_and_Bass/Love Yourself.mp3,dnb,"[0, 0, 0, 0, 0, 1, 0, 0, 0, 0, 0]"
90s_house,7HlxqDDzdWE3gK0i6fS6Bt,Feels Like Heaven,1QYMj6ouUhi6yis1HE8M68,Urban Cookie Collective,0.639,0.952,0.0364,0.787,../mp3songs/90s_House_Classics/Feels Like Heaven.mp3,dance,"[1, 0, 0, 0, 0, 0, 0, 0, 0, 0, 0]"
techno,6eNfky40mYhIGKmNp8n0hC,Flatline,7MFugZiuQp41w92SA0zsG1,Metodi Hristov,0.636,0.966,0.0535,0.223,../mp3songs/TECHNO_BUNKER/Flatline.mp3,techno,"[0, 0, 0, 0, 0, 0, 0, 0, 1, 0, 0]"
liquid_dnb,1Qyzdb5fhdZOQLJ3hH7kIq,Falling In Love,1vmJX00cwTh9L8kYn1JfT4,Mystific,0.645,0.893,0.0823,0.734,../mp3songs/Liquid_Drum_and_Bass/Falling In Love.mp3,dnb,"[0, 0, 0, 0, 0, 1, 0, 0, 0, 0, 0]"
neurofunk_dnb,4Po3dKSXpM2SirJzXVarOc,Bass - Teddy Killerz Remix,"5DygptUY6coQHpmgFfISzQ, 4xaF2VIGwhWyEMbM6GuLdm","A.M.C, Teddy Killerz",0.612,0.988,0.43,0.253,../mp3songs/Neurofunk_Drum_and_Bass/Bass - Teddy Killerz Remix.mp3,dnb,"[0, 0, 0, 0, 0, 0, 1, 0, 0, 0, 0]"
schranz,22d0HgY8C7tBClvGpGd2L0,Widerstand,7aIxpO3lVkDINku72umz3k,Neutron,0.564,0.993,0.213,0.407,../mp3songs/SCHRANZ_2024_/Widerstand.mp3,techno,"[0, 0, 0, 0, 0, 0, 0, 1, 0, 0, 0]"
groove_techno,2OU6QuAUPoSq9DV45ePKS5,Echo,50lWJNqkiXbArrMgzeBBr9,Lars Huismann,0.746,0.99,0.147,0.036,../mp3songs/Groove_Techno/Echo.mp3,techno,"[0, 0, 0, 0, 0, 0, 0, 0, 0, 0, 1]"
acid_techno,1SBPXr8glBJwn1jv3VxebT,Bang To The Beat,6rxmj7vNEofe96g84qMWoV,Jay Lumen,0.676,0.985,0.0908,0.299,../mp3songs/ACID!_Best_Acid_Techno_Mix/Bang To The Beat.mp3,techno,"[0, 1, 0, 0, 0, 0, 0, 0, 0, 0, 0]"
techno,6iLj7AAB7KtOUWoWYppuEk,Little Something,1fZOavLEMJtVzDcFGVPHWC,EFESIAN,0.633,0.998,0.23,0.0888,../mp3songs/TECHNO_BUNKER/Little Something.mp3,techno,"[0, 0, 0, 0, 0, 0, 0, 0, 1, 0, 0]"
liquid_dnb,5i4qgjqnx4R8LGCJwNHPOZ,Lose No Sleep (Masterpeace),"1MW1wqNtF2hNgsPfGDhrHB, 2dfy5XzFykgcuyOaUhMlrD, 25UCJWhCAOcXmm7i4hLyNP","Catching Cairo, Kelvin 373, Selecta J-Man",0.558,0.888,0.0503,0.254,../mp3songs/Liquid_Drum_and_Bass/Lose No Sleep (Masterpeace).mp3,dnb,"[0, 0, 0, 0, 0, 1, 0, 0, 0, 0, 0]"
jump_up_dnb,1acpIlnD71Anfcy2RXZkm3,Breathe (feat. RZA) - René LaVice Dark D&B Remix,"4k1ELeJKT1ISyDv8JivPpB, 4iCwCMnqsNZ6atvRiADgtn, 0e5WyCWPCJT91whT3lFT4v","The Prodigy, RZA, René LaVice",0.429,0.993,0.4,0.226,../mp3songs/Jump-Up_Drum_and_Bass/Breathe (feat. RZA) - René LaVice Dark D&B Remix.mp3,dnb,"[0, 0, 0, 0, 1, 0, 0, 0, 0, 0, 0]"
liquid_dnb,1cuOFKTqv183kejS7kX1tS,Lakota - LSB Remix,"1LhB1j0Zq3tjBeG3k8gq7V, 7M5ogsZnEm96Va8wLKvftN, 1Jv2F8VFJsSr2XKte0vpbQ","Technimatic, LSB, A Little Sound",0.428,0.816,0.0348,0.0539,../mp3songs/Liquid_Drum_and_Bass/Lakota - LSB Remix.mp3,dnb,"[0, 0, 0, 0, 0, 1, 0, 0, 0, 0, 0]"
groove_techno,6yOAO7wsjLBppIu13MorZm,In Roots,6XMPensThku3eYzVDusYch,Chontane,0.649,0.968,0.11,0.12,../mp3songs/Groove_Techno/In Roots.mp3,techno,"[0, 0, 0, 0, 0, 0, 0, 0, 0, 0, 1]"
acid_techno,4VrvzS1Dt1BQulbKxwW6Wg,Get Lost,"50ZyjIaVHOy5Xt7FLJ7RZl, 35GfziDKCTh1aPNFDPuSft","Sam Paganini, Zøe",0.719,0.947,0.0417,0.0434,../mp3songs/ACID!_Best_Acid_Techno_Mix/Get Lost.mp3,techno,"[0, 1, 0, 0, 0, 0, 0, 0, 0, 0, 0]"
tekkno,58tQiidJwrwCvZ9Mf4yztw,DRUCKMEISTER HERMANN,66GQqVO1U8zhksXsdgTfhD,Thekke,0.66,0.957,0.0401,0.0652,../mp3songs/tekkno/DRUCKMEISTER HERMANN.mp3,techno,"[0, 0, 0, 0, 0, 0, 0, 0, 0, 1, 0]"
liquid_dnb,36RdB9ThKeZ6ZW4jL8LwsG,Perfect Memory,"6r54QO0889i9vqaeuruUSn, 3JmD9HEyTy3vtITvwUFK9K","Keeno, Sam Welch",0.647,0.798,0.0407,0.0921,../mp3songs/Liquid_Drum_and_Bass/Perfect Memory.mp3,dnb,"[0, 0, 0, 0, 0, 1, 0, 0, 0, 0, 0]"
neurofunk_dnb,0VPtIe8j9wZMVTcYWURQGd,Sientelo,"54qqaSH6byJIb8eFWxe3Pj, 2N8IPNZTiNo3nj4mreOlHU","Mefjus, Camo & Krooked",0.528,0.934,0.168,0.41,../mp3songs/Neurofunk_Drum_and_Bass/Sientelo.mp3,dnb,"[0, 0, 0, 0, 0, 0, 1, 0, 0, 0, 0]"
jump_up_dnb,3q97VZitbqsa1LgDAVw9W9,Asylum,1TVDml0EOLsjUxBCFzqWes,Turno,0.571,0.95,0.173,0.365,../mp3songs/Jump-Up_Drum_and_Bass/Asylum.mp3,dnb,"[0, 0, 0, 0, 1, 0, 0, 0, 0, 0, 0]"
groove_techno,73r6nqB40BqCeBbA1IXMJz,Mankind 10 - B2,219ftAqQ0v073JOvxg94BH,Steve RedHead,0.67,0.999,0.0666,0.463,../mp3songs/Groove_Techno/Mankind 10 - B2.mp3,techno,"[0, 0, 0, 0, 0, 0, 0, 0, 0, 0, 1]"
hardstyle,0zII4IAGri8guiRk8X7VwW,Cyka Blyat - Radio Edit,7wXBtpPB5GFddtz9OeBlPW,Anderex,0.42,0.933,0.291,0.418,../mp3songs/Hardcore_Techno_Hardstyle/Cyka Blyat - Radio Edit.mp3,techno,"[0, 0, 0, 1, 0, 0, 0, 0, 0, 0, 0]"
hardstyle,6oUlgbKPhKzl3d1KhqcZNf,Flipside,"123hDJRbi4KtCdBaaKNHW6, 1kpnFAPpACdKIiuaatgBah, 0XugtaijoMOUdu6eVWPtX3","Paul Elstak, Ransom, Boogshe",0.635,0.999,0.149,0.569,../mp3songs/Hardcore_Techno_Hardstyle/Flipside.mp3,techno,"[0, 0, 0, 1, 0, 0, 0, 0, 0, 0, 0]"
groove_techno,3f3x0sYtnMJMijYXaQ5wN9,Zyklon - Andres Gil Remix,"6czGonWC9A9QRXK4sBqmhJ, 336QAMJIWlcjgYLDC1mXHH","Paul Basshell, Andres Gil",0.765,0.885,0.0855,0.438,../mp3songs/Groove_Techno/Zyklon - Andres Gil Remix.mp3,techno,"[0, 0, 0, 0, 0, 0, 0, 0, 0, 0, 1]"
liquid_dnb,0DzMAkZf0mSZQp4UFhhjFz,Lungs - Calibre Remix,"5vQr71zjhOUi0RPPeQE6bE, 0sklgkoO5JeS7YNhHS5EmH","Ruti, Calibre",0.572,0.556,0.041,0.119,../mp3songs/Liquid_Drum_and_Bass/Lungs - Calibre Remix.mp3,dnb,"[0, 0, 0, 0, 0, 1, 0, 0, 0, 0, 0]"
techno,4I4LIjM7gHmIFQ210Ycx2j,Hype Boy,4h8IEOdrg60WM5XGyNOCVU,Lilly Palmer,0.672,0.978,0.0897,0.483,../mp3songs/TECHNO_BUNKER/Hype Boy.mp3,techno,"[0, 0, 0, 0, 0, 0, 0, 0, 1, 0, 0]"
neurofunk_dnb,4KQfuOq2ncBwMT6INxiN5u,The Hole,0jA09tU838A2JRveNgDSGa,Tom Finster,0.446,0.872,0.249,0.0389,../mp3songs/Neurofunk_Drum_and_Bass/The Hole.mp3,dnb,"[0, 0, 0, 0, 0, 0, 1, 0, 0, 0, 0]"
acid_techno,2Xr0JXqlzoKMhAmyg53Eq9,New Generation (The Official Nature One Anthem 2024) [ASOT 1179],4h8IEOdrg60WM5XGyNOCVU,Lilly Palmer,0.52,0.945,0.0575,0.244,../mp3songs/ACID!_Best_Acid_Techno_Mix/New Generation (The Official Nature One Anthem 2024) [ASOT 1179].mp3,techno,"[0, 1, 0, 0, 0, 0, 0, 0, 0, 0, 0]"
jump_up_dnb,61RFOF8NiiwxnbxsvZGall,Spring Heel Jack,1f6TTocyaqNFvwD4xsrDTh,Drumsound & Bassline Smith,0.484,0.979,0.124,0.0785,../mp3songs/Jump-Up_Drum_and_Bass/Spring Heel Jack.mp3,dnb,"[0, 0, 0, 0, 1, 0, 0, 0, 0, 0, 0]"
jump_up_dnb,1Ruq10zIIkYVcnxCuJ5fC8,It Comes at Night,7IXFGPfOJUy0UwHnXDTWCe,Taxman,0.622,0.808,0.1,0.158,../mp3songs/Jump-Up_Drum_and_Bass/It Comes at Night.mp3,dnb,"[0, 0, 0, 0, 1, 0, 0, 0, 0, 0, 0]"
neurofunk_dnb,6ukhs32GxwnQBLR1Wwkuc3,Distance - Buunshin Remix,"1fd3fmwlhrDl2U5wbbPQYN, 5ucX3eT8wlEQGRVwUyeqBj, 0VzoflxRgSVEWHYmCbMOJJ","Apashe, Buunshin, Geoffroy",0.422,0.776,0.0611,0.138,../mp3songs/Neurofunk_Drum_and_Bass/Distance - Buunshin Remix.mp3,dnb,"[0, 0, 0, 0, 0, 0, 1, 0, 0, 0, 0]"
tekkno,37R0Rnhno25sjdQpoms9X7,Beast,2iElooMfZXTC3kkoNz9tRN,Actek,0.702,0.999,0.0833,0.14,../mp3songs/tekkno/Beast.mp3,techno,"[0, 0, 0, 0, 0, 0, 0, 0, 0, 1, 0]"
liquid_dnb,5EVsagFSbh2xDI5cK5ylyT,Reset Switch,"3wdwWQXJbqpJJbMdp7KfEJ, 41sCs0Q7zO0ls64jWsHnj7","BCee, Javeon",0.662,0.831,0.0602,0.43,../mp3songs/Liquid_Drum_and_Bass/Reset Switch.mp3,dnb,"[0, 0, 0, 0, 0, 1, 0, 0, 0, 0, 0]"
groove_techno,2SC3rQ2jxAteBYuUGYb9rE,For A Vision,55q6RLf1bNVnBKE9qC1MC3,Paqué,0.628,0.999,0.0473,0.952,../mp3songs/Groove_Techno/For A Vision.mp3,techno,"[0, 0, 0, 0, 0, 0, 0, 0, 0, 0, 1]"
acid_techno,0h5bjHIioNsHAV58lcNVqs,Mayday Anthem - Thomas Schumacher Remix,"76QERaQEFTh2VKRUL7wz7m, 7KkV7dFoGEXr4M3fpb1FgD","Members Of Mayday, Thomas Schumacher",0.608,0.944,0.0405,0.113,../mp3songs/ACID!_Best_Acid_Techno_Mix/Mayday Anthem - Thomas Schumacher Remix.mp3,techno,"[0, 1, 0, 0, 0, 0, 0, 0, 0, 0, 0]"
hard_techno,0z6Fr2wuaBHCfVuuVypPAF,Eyes On Us,"4gF60Mys5KoWdQrf0bhRWq, 6wBqeigBUFAIAnPuBQl071","Luca Agnelli, PISAPIA (IT)",0.659,0.972,0.0662,0.204,../mp3songs/HARD_TECHNO/Eyes On Us.mp3,techno,"[0, 0, 1, 0, 0, 0, 0, 0, 0, 0, 0]"
hard_techno,2xDPYggKsvXFblelNnCnu4,Trepidation,0aby7MYHsm3JS0eSifxu3I,Stan Christ,0.674,0.961,0.0624,0.124,../mp3songs/HARD_TECHNO/Trepidation.mp3,techno,"[0, 0, 1, 0, 0, 0, 0, 0, 0, 0, 0]"
groove_techno,72LRaoysgCkRUlk62cFXTi,Level Set,25Qw8Z0pmd1aXtZEbnEZlg,Nicolas Vogler,0.634,0.94,0.0463,0.583,../mp3songs/Groove_Techno/Level Set.mp3,techno,"[0, 0, 0, 0, 0, 0, 0, 0, 0, 0, 1]"
schranz,6HkM30Mp2B4Vyneb29roqr,Unconquered - Original Mix,7i2NAgDUSGr7whcVn5Azja,MORSURE,0.654,0.983,0.119,0.391,../mp3songs/SCHRANZ_2024_/Unconquered - Original Mix.mp3,techno,"[0, 0, 0, 0, 0, 0, 0, 1, 0, 0, 0]"
liquid_dnb,4XMefPHbssJj1GRyRfvdYD,Guilty,"3W1ubrHvNSMltB1l7zo6xt, 1MW1wqNtF2hNgsPfGDhrHB","Kasra, Catching Cairo",0.529,0.86,0.0494,0.149,../mp3songs/Liquid_Drum_and_Bass/Guilty.mp3,dnb,"[0, 0, 0, 0, 0, 1, 0, 0, 0, 0, 0]"
90s_house,1mv4lh1rW1K6xhxhJmEezy,Music Sounds Better With You - Radio Edit,"2w7IutHv5g4e8LumrwtjWR, 2XOvFG8pp1XAV1V6ZJABim, 24JRvbKfTcF2x7c2kCCJrW, 41vv2Tj1knysv6MuFUmdwi","Stardust, Benjamin Diamond, Alan Braxe, Thomas Bangalter",0.729,0.662,0.337,0.359,../mp3songs/90s_House_Classics/Music Sounds Better With You - Radio Edit.mp3,dance,"[1, 0, 0, 0, 0, 0, 0, 0, 0, 0, 0]"
hard_techno,2MlYnCsWXwMyVVQMZmYMYr,Massive Attack,4NzdIkiweEHJgVdg8q2Ruk,Basswell,0.775,0.987,0.334,0.0652,../mp3songs/HARD_TECHNO/Massive Attack.mp3,techno,"[0, 0, 1, 0, 0, 0, 0, 0, 0, 0, 0]"
acid_techno,2FYgp3V2xTc41xGkSiu41w,You Better Run,7zH0EpzFgwmwpnEprtvDig,Juliet Fox,0.742,0.806,0.0958,0.239,../mp3songs/ACID!_Best_Acid_Techno_Mix/You Better Run.mp3,techno,"[0, 1, 0, 0, 0, 0, 0, 0, 0, 0, 0]"
